driver,x,y,degree,nraces,url
Jack Brabham,-0.15502939778969266,0.3730416836673534,3,349,http://en.wikipedia.org/wiki/Jack_Brabham
Rubens Barrichello,-0.271101440973606,-0.5938309015921134,1,326,http://en.wikipedia.org/wiki/Rubens_Barrichello
Stirling Moss,0.0038462206198606515,0.5351983583162185,4,319,http://en.wikipedia.org/wiki/Stirling_Moss
Graham Hill,-0.2359586426791215,0.2643158510825798,3,317,http://en.wikipedia.org/wiki/Graham_Hill
Kimi Räikkönen,-0.3692333980308039,-0.585169516654915,3,315,http://en.wikipedia.org/wiki/Kimi_R%C3%A4ikk%C3%B6nen
Fernando Alonso,-0.32999493122941825,-0.5209371661965627,3,314,http://en.wikipedia.org/wiki/Fernando_Alonso
Jenson Button,-0.34328887738523906,-0.5517603805653633,2,309,http://en.wikipedia.org/wiki/Jenson_Button
Michael Schumacher,-0.23951348167457542,-0.6019817288561202,1,308,http://en.wikipedia.org/wiki/Michael_Schumacher
Maurice Trintignant,-0.02332553078552448,0.5054755315788113,4,302,http://en.wikipedia.org/wiki/Maurice_Trintignant
Jo Bonnier,-0.10883182072464904,0.388669891051115,4,297,http://en.wikipedia.org/wiki/Joakim_Bonnier
Harry Schell,0.12374180195505118,0.5245385187976709,4,280,http://en.wikipedia.org/wiki/Harry_Schell
Jean Behra,0.11530241711960243,0.5470386261101094,4,276,http://en.wikipedia.org/wiki/Jean_Behra
Felipe Massa,-0.37549120690227455,-0.5599824997258669,2,271,http://en.wikipedia.org/wiki/Felipe_Massa
Jo Siffert,-0.25746345900226913,0.21910009387652965,4,262,http://en.wikipedia.org/wiki/Jo_Siffert
Juan Fangio,0.20240607992839285,0.5661873579442677,5,260,http://en.wikipedia.org/wiki/Juan_Manuel_Fangio
Jarno Trulli,-0.1708589466347295,-0.6264989101621019,2,256,http://en.wikipedia.org/wiki/Jarno_Trulli
Riccardo Patrese,-0.03614481033906341,-0.33037096623335577,1,256,http://en.wikipedia.org/wiki/Riccardo_Patrese
Ronnie Peterson,-0.2039797191579869,-0.05233381756737515,3,253,http://en.wikipedia.org/wiki/Ronnie_Peterson
Bruce McLaren,-0.15433000073770292,0.4133952399127972,4,252,http://en.wikipedia.org/wiki/Bruce_McLaren
Lewis Hamilton,-0.34927243759850946,-0.6018862640297409,3,250,http://en.wikipedia.org/wiki/Lewis_Hamilton
David Coulthard,-0.2666512927893072,-0.5349639746258338,2,247,http://en.wikipedia.org/wiki/David_Coulthard
Sebastian Vettel,-0.40296648424138715,-0.6175116897327944,4,241,http://en.wikipedia.org/wiki/Sebastian_Vettel
Louis Rosier,0.19816329064388902,0.6963764800937235,4,237,http://en.wikipedia.org/wiki/Louis_Rosier
Niki Lauda,-0.11641747948668668,-0.1480889193688503,3,233,http://en.wikipedia.org/wiki/Niki_Lauda
Giancarlo Fisichella,-0.4028536667459913,-0.5047220263662783,3,231,http://en.wikipedia.org/wiki/Giancarlo_Fisichella
Johnnie Parsons,0.737996941734716,-0.06983664114542683,6,230,http://en.wikipedia.org/wiki/Johnnie_Parsons
Jim Clark,-0.2610303919940504,0.3974857852689854,4,222,http://en.wikipedia.org/wiki/Jim_Clark
Nelson Piquet,-0.028998866572913957,-0.38297255884807146,2,217,http://en.wikipedia.org/wiki/Nelson_Piquet
Mark Webber,-0.37793810550332385,-0.6277111028121849,3,215,http://en.wikipedia.org/wiki/Mark_Webber
Michele Alboreto,0.15974625629277447,-0.5252753386133469,2,215,http://en.wikipedia.org/wiki/Michele_Alboreto
Carlos Reutemann,-0.062198321019492395,-0.06733300253714859,3,213,http://en.wikipedia.org/wiki/Carlos_Reutemann
Gerhard Berger,0.08009902619908317,-0.48295616292555954,3,206,http://en.wikipedia.org/wiki/Gerhard_Berger
Nico Rosberg,-0.33090801063427727,-0.6265287269888751,2,206,http://en.wikipedia.org/wiki/Nico_Rosberg
Alain Prost,0.03997030467957005,-0.3578825926165722,2,201,http://en.wikipedia.org/wiki/Alain_Prost
Jean Alesi,0.01043721061612167,-0.555742781737766,2,201,http://en.wikipedia.org/wiki/Jean_Alesi
Andrea de Cesaris,0.023632982897846863,-0.4470208710603869,2,196,http://en.wikipedia.org/wiki/Andrea_de_Cesaris
Sam Hanks,0.7433677404692431,-0.021777558480231985,6,195,http://en.wikipedia.org/wiki/Sam_Hanks
Nigel Mansell,0.011711726226719798,-0.31694350126055176,2,194,http://en.wikipedia.org/wiki/Nigel_Mansell
Masten Gregory,-0.0709318191965479,0.43569375216281625,4,193,http://en.wikipedia.org/wiki/Masten_Gregory
Andy Linden,0.7141863632427419,-0.08989681418216554,6,188,http://en.wikipedia.org/wiki/Andy_Linden_(racing_driver)
Paul Russo,0.7211001775055478,-0.12853694681807265,6,188,http://en.wikipedia.org/wiki/Paul_Russo
Jim Rathmann,0.6993819399622884,-0.0559110965122619,6,187,http://en.wikipedia.org/wiki/Jim_Rathmann
Luigi Villoresi,0.19609398245252632,0.6412679378968265,4,187,http://en.wikipedia.org/wiki/Luigi_Villoresi
Nick Heidfeld,-0.2943789883936566,-0.7022643428408966,3,184,http://en.wikipedia.org/wiki/Nick_Heidfeld
Roy Salvadori,-0.04426037934680441,0.5279835379551816,4,183,http://en.wikipedia.org/wiki/Roy_Salvadori
Mario Andretti,-0.1402520538860378,-0.05854670895382774,3,183,http://en.wikipedia.org/wiki/Mario_Andretti
Fred Agabashian,0.7210256134829705,-0.042890116239234166,6,181,http://en.wikipedia.org/wiki/Fred_Agabashian
Ralf Schumacher,-0.20289809302306377,-0.5674469701516612,3,180,http://en.wikipedia.org/wiki/Ralf_Schumacher
Nico Hülkenberg,-0.5230395323613327,-0.47756214848115974,2,179,http://en.wikipedia.org/wiki/Nico_H%C3%BClkenberg
Sergio Pérez,-0.5561700095200732,-0.5547058917757988,3,178,http://en.wikipedia.org/wiki/Sergio_P%C3%A9rez
Innes Ireland,-0.19371591515986597,0.381139339714415,4,177,http://en.wikipedia.org/wiki/Innes_Ireland
Mike Hawthorn,0.13985391963977759,0.6639315051370572,5,173,http://en.wikipedia.org/wiki/Mike_Hawthorn
Tony Bettenhausen,0.757509538136466,-0.09559636732256015,6,172,http://en.wikipedia.org/wiki/Tony_Bettenhausen
Daniel Ricciardo,-0.471607617180918,-0.4049739797695331,3,171,http://en.wikipedia.org/wiki/Daniel_Ricciardo
Alberto Ascari,0.26135848869758094,0.6692346374071131,5,169,http://en.wikipedia.org/wiki/Alberto_Ascari
John Surtees,-0.215223305982966,0.31844160631282864,3,169,http://en.wikipedia.org/wiki/John_Surtees
Denny Hulme,-0.1814842907219325,0.21731070755833973,3,168,http://en.wikipedia.org/wiki/Denny_Hulme
Romain Grosjean,-0.4773031171393512,-0.5514717248633167,3,166,http://en.wikipedia.org/wiki/Romain_Grosjean
Nino Farina,0.2756371839869677,0.6301103932589716,5,165,http://en.wikipedia.org/wiki/Nino_Farina
Jacques Villeneuve,-0.20606050105059978,-0.6736319588928791,2,165,http://en.wikipedia.org/wiki/Jacques_Villeneuve
Johnny Herbert,-0.11472611667447886,-0.6142584640567376,2,165,http://en.wikipedia.org/wiki/Johnny_Herbert
Mika Häkkinen,-0.1850646488396037,-0.5230477954504357,1,165,http://en.wikipedia.org/wiki/Mika_H%C3%A4kkinen
Derek Warwick,-0.008286925726845515,-0.37068582409284356,2,163,http://en.wikipedia.org/wiki/Derek_Warwick
Thierry Boutsen,0.09215490405692245,-0.43268984302906627,2,163,http://en.wikipedia.org/wiki/Thierry_Boutsen
Martin Brundle,-0.03392117007515745,-0.5876543228851503,0,163,http://en.wikipedia.org/wiki/Martin_Brundle
Jackie Stewart,-0.285240461554628,0.13913667031236643,4,159,http://en.wikipedia.org/wiki/Jackie_Stewart
Ayrton Senna,0.137951943406581,-0.42531673235276674,2,159,http://en.wikipedia.org/wiki/Ayrton_Senna
Heinz-Harald Frentzen,-0.1442666207382244,-0.676017226333153,3,158,http://en.wikipedia.org/wiki/Heinz-Harald_Frentzen
Olivier Panis,-0.10367327125498843,-0.7086371784154075,1,158,http://en.wikipedia.org/wiki/Olivier_Panis
Jochen Rindt,-0.2609161963782873,0.25536074815237997,4,157,http://en.wikipedia.org/wiki/Jochen_Rindt
John Watson,-0.03954297202896699,-0.19420934738975273,3,157,http://en.wikipedia.org/wiki/John_Watson_(racing_driver)
Clay Regazzoni,-0.17444540154782634,-0.10186285524227523,3,155,http://en.wikipedia.org/wiki/Clay_Regazzoni
René Arnoux,0.13354202497386053,-0.38508180944700576,2,155,http://en.wikipedia.org/wiki/Ren%C3%A9_Arnoux
Luigi Musso,0.1420989977437404,0.6264180963508836,5,148,http://en.wikipedia.org/wiki/Luigi_Musso
Eddie Irvine,-0.26433149600641487,-0.6458554924391858,2,147,http://en.wikipedia.org/wiki/Eddie_Irvine
Jochen Mass,-0.1317756413155248,-0.19846768951996308,2,147,http://en.wikipedia.org/wiki/Jochen_Mass
Jimmy Daywalt,0.7548813650102479,-0.13967315643622868,6,144,http://en.wikipedia.org/wiki/Jimmy_Daywalt
Jacky Ickx,-0.23168300606653888,0.004131201287398324,3,144,http://en.wikipedia.org/wiki/Jacky_Ickx
José Froilán González,0.22928770179004532,0.634150025209252,5,143,http://en.wikipedia.org/wiki/Jos%C3%A9_Froil%C3%A1n_Gonz%C3%A1lez
Jean-Pierre Jarier,-0.0915498181626723,-0.21214146911577028,3,143,http://en.wikipedia.org/wiki/Jean-Pierre_Jarier
Dan Gurney,-0.13630728186767946,0.3492800191008027,4,142,http://en.wikipedia.org/wiki/Dan_Gurney
Valtteri Bottas,-0.4162299778360158,-0.5835357937120685,3,140,http://en.wikipedia.org/wiki/Valtteri_Bottas
Jack McGrath,0.7511116400767489,0.022692229524819547,6,137,http://en.wikipedia.org/wiki/Jack_McGrath_(racing_driver)
Patrick Tambay,-0.06954575981055577,-0.26884220744870235,2,137,http://en.wikipedia.org/wiki/Patrick_Tambay
Carlos Pace,-0.1074650880956313,-0.0645563086741177,3,135,http://en.wikipedia.org/wiki/Carlos_Pace
Peter Collins,0.11960700196509534,0.702463251015567,5,132,http://en.wikipedia.org/wiki/Peter_Collins_(racing_driver)
Jacques Laffite,-0.014524573957719417,-0.24900515795619432,2,132,http://en.wikipedia.org/wiki/Jacques_Laffite
Adrian Sutil,-0.5954680454173855,-0.452223572927689,4,128,http://en.wikipedia.org/wiki/Adrian_Sutil
Emerson Fittipaldi,-0.20525823646572178,0.01880380275313244,3,128,http://en.wikipedia.org/wiki/Emerson_Fittipaldi
Henri Pescarolo,-0.27537885515743765,-0.06773112873042847,3,127,http://en.wikipedia.org/wiki/Henri_Pescarolo
James Hunt,-0.19153356501609545,-0.21328452131211675,3,126,http://en.wikipedia.org/wiki/James_Hunt
Eddie Cheever,0.011462384658875332,-0.3509578108548565,2,126,http://en.wikipedia.org/wiki/Eddie_Cheever
Jean-Pierre Beltoise,-0.2961068212673967,0.0014610756898654472,4,125,http://en.wikipedia.org/wiki/Jean-Pierre_Beltoise
Horace Gould,0.0604561010772209,0.5897159660225626,4,122,http://en.wikipedia.org/wiki/Horace_Gould
Jimmy Davies,0.7901970495489526,-0.05625638266463655,6,121,http://en.wikipedia.org/wiki/Jimmy_Davies
Marshall Teague,0.79699411219255,-0.10480200628531748,6,120,http://en.wikipedia.org/wiki/Marshall_Teague
Damon Hill,-0.1285841801341464,-0.5457768762865819,3,120,http://en.wikipedia.org/wiki/Damon_Hill
Duane Carter,0.8228897884421572,-0.07019843514459653,6,119,http://en.wikipedia.org/wiki/Duane_Carter
Chris Amon,-0.23733207851348537,0.1278262983593366,4,119,http://en.wikipedia.org/wiki/Chris_Amon
Phil Hill,-0.17269124393556232,0.5311940943382298,4,118,http://en.wikipedia.org/wiki/Phil_Hill
Alan Jones,-0.15425943781216156,-0.15786032684197818,2,118,http://en.wikipedia.org/wiki/Alan_Jones_(Formula_1)
Keke Rosberg,0.016980853387954194,-0.21211791103579328,3,116,http://en.wikipedia.org/wiki/Keke_Rosberg
Pat O'Connor,0.6984148206073044,-0.1563210605791416,6,115,http://en.wikipedia.org/wiki/Pat_O%27Connor_(auto_racer)
Paco Godia,0.06763544906165712,0.5519846633364843,4,114,http://en.wikipedia.org/wiki/Paco_Godia
Jerry Hoyt,0.8167327658687253,-0.015850600715117187,6,113,http://en.wikipedia.org/wiki/Jerry_Hoyt
Elio de Angelis,0.05782818554015971,-0.28731027076897103,2,113,http://en.wikipedia.org/wiki/Elio_de_Angelis
Toulo de Graffenried,0.31463372889972785,0.5724226939181262,5,112,http://en.wikipedia.org/wiki/Toulo_de_Graffenried
Heikki Kovalainen,-0.30949719371596196,-0.6526216354993897,3,112,http://en.wikipedia.org/wiki/Heikki_Kovalainen
Roberto Mieres,0.166881015105706,0.5605367027136112,5,111,http://en.wikipedia.org/wiki/Roberto_Mieres
Mika Salo,-0.16064345356041324,-0.7189476339456824,3,111,http://en.wikipedia.org/wiki/Mika_Salo
Patrick Depailler,-0.03733357836447563,-0.08922969692930871,3,111,http://en.wikipedia.org/wiki/Patrick_Depailler
Gene Hartley,0.6785951567628415,-0.08860441183966099,6,108,http://en.wikipedia.org/wiki/Gene_Hartley
Vittorio Brambilla,-0.26290844151738046,-0.15141910308134823,3,108,http://en.wikipedia.org/wiki/Vittorio_Brambilla
Pierluigi Martini,0.22461199951603592,-0.7723020759868248,2,108,http://en.wikipedia.org/wiki/Pierluigi_Martini
Art Cross,0.7746357345117412,-0.021015314078822588,6,107,http://en.wikipedia.org/wiki/Art_Cross
Bill Vukovich,0.7174707075321117,-0.0016369651338034247,6,107,http://en.wikipedia.org/wiki/Bill_Vukovich
Pedro de la Rosa,-0.4732578722554797,-0.6820466405741347,3,107,http://en.wikipedia.org/wiki/Pedro_de_la_Rosa
Jos Verstappen,-0.38208155708180336,-0.7649232710598963,2,107,http://en.wikipedia.org/wiki/Jos_Verstappen
Richie Ginther,-0.2753059281652597,0.4271651407585668,4,106,http://en.wikipedia.org/wiki/Richie_Ginther
Jody Scheckter,-0.005217575890923482,-0.03641816726967872,4,104,http://en.wikipedia.org/wiki/Jody_Scheckter
Hans-Joachim Stuck,-0.21615949812765528,-0.148974364637939,4,103,http://en.wikipedia.org/wiki/Hans_Joachim_Stuck
Trevor Taylor,-0.2408102141169293,0.37337878643480055,4,103,http://en.wikipedia.org/wiki/Trevor_Taylor
Kevin Magnussen,-0.49238203285289717,-0.5185204955668201,3,103,http://en.wikipedia.org/wiki/Kevin_Magnussen
Max Verstappen,-0.4234925767602246,-0.3829747446728454,4,102,http://en.wikipedia.org/wiki/Max_Verstappen
Tony Brooks,-0.11262352042867503,0.5455085567945823,4,102,http://en.wikipedia.org/wiki/Tony_Brooks
Carlos Sainz,-0.46235989150554246,-0.36214664779978606,3,102,http://en.wikipedia.org/wiki/Carlos_Sainz_Jr.
Pedro Rodríguez,-0.3541053483197991,0.2769763140650126,4,100,http://en.wikipedia.org/wiki/Pedro_Rodr%C3%ADguez_(racing_driver)
Philippe Alliot,0.2390298463577465,-0.5626950844877241,1,100,http://en.wikipedia.org/wiki/Philippe_Alliot
Johnny Claes,0.18889430710429622,0.7715704739828956,5,99,http://en.wikipedia.org/wiki/Johnny_Claes
Pedro Diniz,-0.09530688976050565,-0.6735364567652983,2,99,http://en.wikipedia.org/wiki/Pedro_Diniz
Rolf Stommelen,-0.16453151841779662,0.026975607449318113,2,99,http://en.wikipedia.org/wiki/Rolf_Stommelen
Brett Lunger,-0.20431264476591915,-0.24181340829920178,3,98,http://en.wikipedia.org/wiki/Brett_Lunger
Marcus Ericsson,-0.6275806277560292,-0.6894303639196458,4,97,http://en.wikipedia.org/wiki/Marcus_Ericsson
Robert Kubica,-0.3271744768043281,-0.7684792900089347,4,97,http://en.wikipedia.org/wiki/Robert_Kubica
Ukyo Katayama,-0.06905948271924993,-0.6151018132435595,2,97,http://en.wikipedia.org/wiki/Ukyo_Katayama
Stefan Johansson,0.13396434811333052,-0.5081672259567758,1,97,http://en.wikipedia.org/wiki/Stefan_Johansson
Pastor Maldonado,-0.4803796240805836,-0.5950707372982291,2,96,http://en.wikipedia.org/wiki/Pastor_Maldonado
Daniil Kvyat,-0.44012120491799034,-0.33776222326442246,4,95,http://en.wikipedia.org/wiki/Daniil_Kvyat
Juan Pablo Montoya,-0.23256297885555274,-0.5579980692151417,4,95,http://en.wikipedia.org/wiki/Juan_Pablo_Montoya
Jackie Oliver,-0.3283318285200154,0.24667686583651696,3,95,http://en.wikipedia.org/wiki/Jackie_Oliver
Timo Glock,0.14309989887170282,-0.6465190225911759,3,95,http://en.wikipedia.org/wiki/Timo_Glock
Prince Bira,0.2575823099229652,0.5791524417547651,5,94,http://en.wikipedia.org/wiki/Prince_Bira
Rodger Ward,0.5888498130659228,-0.0456579167607733,5,94,http://en.wikipedia.org/wiki/Rodger_Ward
Piercarlo Ghinzani,0.31920647195036994,-0.5059004575739459,2,94,http://en.wikipedia.org/wiki/Piercarlo_Ghinzani
Takuma Sato,-0.4970332287096792,-0.43521824676033416,3,91,http://en.wikipedia.org/wiki/Takuma_Sato
Mike Hailwood,-0.14087825248818098,0.09152351138274908,3,90,http://en.wikipedia.org/wiki/Mike_Hailwood
Johnny Boyd,0.6843483257119772,-0.22417635815308573,6,89,http://en.wikipedia.org/wiki/Johnny_Boyd
Troy Ruttman,0.5975392612309209,0.043010481441253884,5,89,http://en.wikipedia.org/wiki/Troy_Ruttman
Bob Sweikert,0.6763250209186983,-0.02261909326432411,6,87,http://en.wikipedia.org/wiki/Bob_Sweikert
Hector Rebaque,-0.07681394944493279,-0.14740509541099195,3,87,http://en.wikipedia.org/wiki/Hector_Rebaque
Aguri Suzuki,0.10241135779543889,-0.5655084290519855,2,87,http://en.wikipedia.org/wiki/Aguri_Suzuki
Eddie Johnson,0.7097101966437559,-0.19855413965354152,6,86,http://en.wikipedia.org/wiki/Eddie_Johnson_(auto_racer)
Carlos Menditeguy,0.16341214154945896,0.4944271541283317,5,86,http://en.wikipedia.org/wiki/Carlos_Menditeguy
Mike Beuttler,-0.23414349569702816,-0.10113026272054586,3,86,http://en.wikipedia.org/wiki/Mike_Beuttler
Al Keller,0.6527452474662829,-0.2018687599746986,6,85,http://en.wikipedia.org/wiki/Al_Keller
Ian Burgess,-0.11913261462544655,0.45360766908828815,4,85,http://en.wikipedia.org/wiki/Ian_Burgess
Piero Taruffi,0.3121171718871597,0.6485370349163869,5,83,http://en.wikipedia.org/wiki/Piero_Taruffi
Arturo Merzario,-0.2919523418496967,-0.20586984943993503,3,83,http://en.wikipedia.org/wiki/Arturo_Merzario
Wolfgang von Trips,-0.07428105871621507,0.6245148277597672,5,82,http://en.wikipedia.org/wiki/Wolfgang_Graf_Berghe_von_Trips
Bruno Giacomelli,-0.09759982274772008,-0.29709139717315103,3,81,http://en.wikipedia.org/wiki/Bruno_Giacomelli
Vitantonio Liuzzi,-0.6431758893998202,-0.46799743632580165,3,81,http://en.wikipedia.org/wiki/Vitantonio_Liuzzi
Stefano Modena,0.19411798550472484,-0.693782064067477,1,81,http://en.wikipedia.org/wiki/Stefano_Modena
Tony Maggs,-0.20795174094592045,0.42914407952783123,4,80,http://en.wikipedia.org/wiki/Tony_Maggs
Maurício Gugelmin,0.24309948378626778,-0.697707770209338,2,80,http://en.wikipedia.org/wiki/Maur%C3%ADcio_Gugelmin
Satoru Nakajima,0.026199427367653284,-0.4932124351431186,2,80,http://en.wikipedia.org/wiki/Satoru_Nakajima
Ivan Capelli,0.21193844429569034,-0.6659834191880405,1,80,http://en.wikipedia.org/wiki/Ivan_Capelli
Pat Flaherty,0.7995152201727391,0.02167914277520693,6,79,http://en.wikipedia.org/wiki/Pat_Flaherty_(racing_driver)
Louis Chiron,0.2948304668559073,0.7141061501205896,5,79,http://en.wikipedia.org/wiki/Louis_Chiron
Wolfgang Seidel,-0.12548962833568264,0.49969576798862936,4,79,http://en.wikipedia.org/wiki/Wolfgang_Seidel
Eugenio Castellotti,0.09695794549616922,0.7225781935748655,5,78,http://en.wikipedia.org/wiki/Eugenio_Castellotti
François Cevert,-0.2515498864301412,0.0882909218556483,4,78,http://en.wikipedia.org/wiki/Fran%C3%A7ois_Cevert
Henry Taylor,-0.16976445531494838,0.49159882206683664,4,78,http://en.wikipedia.org/wiki/Henry_Taylor_(racing_driver)
Bob Christie,0.7027481293816852,-0.2645000047266998,6,77,http://en.wikipedia.org/wiki/Bob_Christie_(racing_driver)
Alessandro Nannini,0.076894169662733,-0.5199389598529798,3,77,http://en.wikipedia.org/wiki/Alessandro_Nannini
Jonathan Palmer,0.16738499022700357,-0.6040180564659147,2,77,http://en.wikipedia.org/wiki/Jonathan_Palmer
Sergio Mantovani,0.21708988319279035,0.5209315467206069,5,76,http://en.wikipedia.org/wiki/Sergio_Mantovani
Kamui Kobayashi,-0.5446941524374858,-0.6262083137245326,3,76,http://en.wikipedia.org/wiki/Kamui_Kobayashi
Howden Ganley,-0.4023833485158765,0.06483151173716364,4,75,http://en.wikipedia.org/wiki/Howden_Ganley
Bruce Halford,0.03868221608003465,0.5023091571882363,4,74,http://en.wikipedia.org/wiki/Bruce_Halford
Giorgio Scarlatti,-0.002221569025473523,0.5997271802762731,4,74,http://en.wikipedia.org/wiki/Giorgio_Scarlatti
Chuck Stevenson,0.636180262250512,0.020364865364697535,6,73,http://en.wikipedia.org/wiki/Chuck_Stevenson
Robert Manzon,0.13164551356750492,0.5850870133862497,5,73,http://en.wikipedia.org/wiki/Robert_Manzon
Lucien Bianchi,-0.2150731431051043,0.4709498844888684,4,72,http://en.wikipedia.org/wiki/Lucien_Bianchi
Ed Elisian,0.6437737406402948,-0.1573622428031797,6,71,http://en.wikipedia.org/wiki/Ed_Elisian
Felice Bonetto,0.3733895500425763,0.5795075166103032,6,71,http://en.wikipedia.org/wiki/Felice_Bonetto
Cesare Perdisa,0.07821758538090123,0.6574325844635219,4,71,http://en.wikipedia.org/wiki/Cesare_Perdisa
Didier Pironi,0.026965981430445735,-0.15179691109736163,3,71,http://en.wikipedia.org/wiki/Didier_Pironi
Gilles Villeneuve,0.02387675512626065,-0.06597284580805184,3,71,http://en.wikipedia.org/wiki/Gilles_Villeneuve
Roberto Moreno,-0.13528839263297698,-0.7657286581077599,3,71,http://en.wikipedia.org/wiki/Roberto_Moreno
Walt Faulkner,0.6873815942941056,0.028058037491890554,6,70,http://en.wikipedia.org/wiki/Walt_Faulkner
Onofre Marimón,0.2738154208567526,0.5371654026635476,5,70,http://en.wikipedia.org/wiki/Onofre_Marim%C3%B3n
Gianni Morbidelli,0.12298728651863151,-0.82755493627407,3,70,http://en.wikipedia.org/wiki/Gianni_Morbidelli
Jyrki Järvilehto,0.10514279232463712,-0.7565694404781123,2,70,http://en.wikipedia.org/wiki/Jyrki_J%C3%A4rvilehto
Duke Dinsmore,0.6314776289972017,-0.03032161499918561,6,69,http://en.wikipedia.org/wiki/Duke_Dinsmore
Luigi Piotti,0.08973122074395164,0.49157627815822613,5,69,http://en.wikipedia.org/wiki/Luigi_Piotti
Alexander Wurz,-0.3735743332911392,-0.4817660530539904,3,69,http://en.wikipedia.org/wiki/Alexander_Wurz
Hans Herrmann,0.11357687231256447,0.4472105580590553,5,68,http://en.wikipedia.org/wiki/Hans_Herrmann
Peter Gethin,-0.35931675372194793,0.10906547564366526,4,68,http://en.wikipedia.org/wiki/Peter_Gethin
Umberto Maglioli,0.08798352883486699,0.6207319886199592,4,68,http://en.wikipedia.org/wiki/Umberto_Maglioli
Bertrand Gachot,0.04614047288501482,-0.6908794524175084,2,68,http://en.wikipedia.org/wiki/Bertrand_Gachot
Duke Nalon,0.6906864575993512,0.07783867283876321,6,67,http://en.wikipedia.org/wiki/Duke_Nalon
Olivier Gendebien,-0.07376391741051568,0.5643859262724574,4,66,http://en.wikipedia.org/wiki/Olivier_Gendebien
André Simon,0.17130103047415132,0.5960453090318288,5,65,http://en.wikipedia.org/wiki/Andr%C3%A9_Simon_(racing_driver)
Lorenzo Bandini,-0.3338974654123731,0.38336437368049114,4,65,http://en.wikipedia.org/wiki/Lorenzo_Bandini
Marc Surer,0.09582597463393625,-0.3564038259480787,3,65,http://en.wikipedia.org/wiki/Marc_Surer
Teo Fabi,0.05809514072339283,-0.42273423426454354,3,65,http://en.wikipedia.org/wiki/Teo_Fabi
Mike Spence,-0.42969630255627056,0.3249424114487801,5,64,http://en.wikipedia.org/wiki/Mike_Spence
Philippe Étancelin,0.21825588597590223,0.8194587883995869,5,64,http://en.wikipedia.org/wiki/Philippe_%C3%89tancelin
Yves Cabantous,0.2562448569251856,0.8226554359765379,5,64,http://en.wikipedia.org/wiki/Yves_Giraud_Cabantous
Érik Comas,0.2727401506261139,-0.4657064957552348,2,63,http://en.wikipedia.org/wiki/%C3%89rik_Comas
Mark Blundell,-0.07095039240416948,-0.5338331610871828,1,63,http://en.wikipedia.org/wiki/Mark_Blundell
Giancarlo Baghetti,-0.3015062154107224,0.4694095931557604,4,62,http://en.wikipedia.org/wiki/Giancarlo_Baghetti
Lance Stroll,-0.6060580323051896,-0.5400096782348249,3,62,http://en.wikipedia.org/wiki/Lance_Stroll
Johnny Thomson,0.7520009689887089,-0.19857808724391993,6,60,http://en.wikipedia.org/wiki/Johnny_Thomson
Esteban Gutiérrez,-0.5734810807804315,-0.49557135679733244,3,59,http://en.wikipedia.org/wiki/Esteban_Guti%C3%A9rrez
Paul di Resta,-0.6238703204418485,-0.42000085115518454,3,59,http://en.wikipedia.org/wiki/Paul_di_Resta
Gabriele Tarquini,0.25232617531008855,-0.8193610026525777,2,59,http://en.wikipedia.org/wiki/Gabriele_Tarquini
Jean-Éric Vergne,-0.5018855839607504,-0.33918582760126836,4,58,http://en.wikipedia.org/wiki/Jean-%C3%89ric_Vergne
Vitaly Petrov,-0.36888206186745603,-0.7290398128802281,4,58,http://en.wikipedia.org/wiki/Vitaly_Petrov
Luca Badoer,0.17798635953181727,-0.7457964152671519,3,58,http://en.wikipedia.org/wiki/Luca_Badoer
Bill Homeier,0.8556927264035542,-0.09998476311226265,6,57,http://en.wikipedia.org/wiki/Bill_Homeier
Nicola Larini,0.21177520954855863,-0.5979396044092805,2,57,http://en.wikipedia.org/wiki/Nicola_Larini
Bob Scott,0.733953674954592,0.06531865002683049,6,56,http://en.wikipedia.org/wiki/Bob_Scott_(auto_racer)
Ian Scheckter,-0.3968489690600407,-0.19527605898389822,3,56,http://en.wikipedia.org/wiki/Ian_Scheckter
Cal Niday,0.6253246533666039,-0.08127008965826128,6,55,http://en.wikipedia.org/wiki/Cal_Niday
Sébastien Buemi,0.42218243604791816,-0.8024261205513531,6,55,http://en.wikipedia.org/wiki/S%C3%A9bastien_Buemi
Alex Ribeiro,-0.38184707131250495,-0.23459671203032165,4,54,http://en.wikipedia.org/wiki/Alex_Ribeiro
Jack Fairman,-0.14693722487964359,0.6030376683040363,4,54,http://en.wikipedia.org/wiki/Jack_Fairman
Ken Wharton,0.05572917286277472,0.6905670126129776,5,53,http://en.wikipedia.org/wiki/Ken_Wharton
Carel Godin de Beaufort,-0.05900840709315622,0.401940108136186,4,53,http://en.wikipedia.org/wiki/Carel_Godin_de_Beaufort
Eddie Russo,0.7421283023988682,-0.25831632558881223,6,51,http://en.wikipedia.org/wiki/Eddie_Russo
Piers Courage,-0.3604433771516112,0.2178041344631621,4,51,http://en.wikipedia.org/wiki/Piers_Courage
Tony Marsh,-0.2629537263229478,0.5064138801784163,4,51,http://en.wikipedia.org/wiki/Tony_Marsh_(racing_driver)
Christian Klien,-0.2892580610442712,-0.49788588737890427,3,51,http://en.wikipedia.org/wiki/Christian_Klien
Rupert Keegan,-0.03307247743320141,-0.13900184531313847,3,51,http://en.wikipedia.org/wiki/Rupert_Keegan
Mike Nazaruk,0.8178113322780672,0.0788997462603354,6,50,http://en.wikipedia.org/wiki/Mike_Nazaruk
Esteban Ocon,-0.6367384980687725,-0.5951096893465251,4,50,http://en.wikipedia.org/wiki/Esteban_Ocon
Yannick Dalmas,0.2949460443499741,-0.7125579927838361,2,50,http://en.wikipedia.org/wiki/Yannick_Dalmas
Cliff Allison,-0.18218701351750857,0.5663487057372419,4,49,http://en.wikipedia.org/wiki/Cliff_Allison
Brian Henton,-0.11950573642358536,-0.3786529733875779,3,49,http://en.wikipedia.org/wiki/Brian_Henton
Jimmy Jackson,0.8608271606092415,0.04350663183118102,6,48,http://en.wikipedia.org/wiki/Jimmy_Jackson_(driver)
Johnnie Tolan,0.6376626550087163,-0.2629266182434605,6,48,http://en.wikipedia.org/wiki/Johnnie_Tolan
Peter Whitehead,0.23441361300054475,0.7359027712021415,5,48,http://en.wikipedia.org/wiki/Peter_Whitehead_(racing_driver)
Jackie Lewis,-0.09543251146464106,0.346218128161057,4,48,http://en.wikipedia.org/wiki/Jackie_Lewis
Narain Karthikeyan,-0.6809209259481179,-0.5640523776516251,4,48,http://en.wikipedia.org/wiki/Narain_Karthikeyan
Carl Scarborough,0.6503369956652278,0.09160200209415802,6,47,http://en.wikipedia.org/wiki/Carl_Scarborough
John Miles,-0.2994848645026122,0.19092557997659806,4,47,http://en.wikipedia.org/wiki/John_Miles_(auto_racer)
Pierre Gasly,-0.3076082527340016,-0.36368680862098407,4,47,http://en.wikipedia.org/wiki/Pierre_Gasly
Éric Bernard,0.043152318517133324,-0.6329195864126607,2,47,http://en.wikipedia.org/wiki/%C3%89ric_Bernard
Jaime Alguersuari,0.47039511856727434,-0.8064697541060715,7,46,http://en.wikipedia.org/wiki/Jaime_Alguersuari
Al Herman,0.5872481883946685,-0.15450945831651433,6,46,http://en.wikipedia.org/wiki/Al_Herman
Christijan Albers,-0.7947820127601432,-0.41590321864779356,4,46,http://en.wikipedia.org/wiki/Christijan_Albers
Peter Revson,-0.1293840649305925,0.15222677701307943,4,46,http://en.wikipedia.org/wiki/Peter_Revson
Ron Flockhart,0.007619395069259975,0.4555575426366326,4,46,http://en.wikipedia.org/wiki/Ron_Flockhart_(auto_racing)
Alex Caffi,0.19655282693351073,-0.46846642456111437,3,46,http://en.wikipedia.org/wiki/Alex_Caffi
Bruno Senna,-0.5865096434231051,-0.5991047477038993,3,46,http://en.wikipedia.org/wiki/Bruno_Senna
Jack Turner,0.5976513854811245,-0.20843875022700006,6,45,http://en.wikipedia.org/wiki/Jack_Turner_(driver)
Jimmy Bryan,0.7972376135246446,-0.20779877045877285,6,45,http://en.wikipedia.org/wiki/Jimmy_Bryan
Ray Crawford,0.5776129229616593,-0.11347744560558395,6,45,http://en.wikipedia.org/wiki/Ray_Crawford
Gerino Gerini,0.006063978407993393,0.650828467676722,5,45,http://en.wikipedia.org/wiki/Gerino_Gerini_(racing_driver)
Christian Danner,0.21207578710487732,-0.5159934380398884,1,45,http://en.wikipedia.org/wiki/Christian_Danner
Jimmy Reece,0.8179820255207502,-0.17102462266204657,6,44,http://en.wikipedia.org/wiki/Jimmy_Reece
Alessandro Zanardi,-0.10179947188230135,-0.5719016131055017,3,44,http://en.wikipedia.org/wiki/Alex_Zanardi
Wilson Fittipaldi,-0.06693930035991473,0.026858934445611875,3,44,http://en.wikipedia.org/wiki/Wilson_Fittipaldi
Andrea de Adamich,-0.09986743525005647,0.06803346551811505,4,43,http://en.wikipedia.org/wiki/Andrea_de_Adamich
Jim Hall,-0.0764689505087931,0.2644640487321639,4,43,http://en.wikipedia.org/wiki/Jim_Hall_(race_car_driver)
Christian Fittipaldi,0.17562411650922413,-0.8713662302170933,3,43,http://en.wikipedia.org/wiki/Christian_Fittipaldi
Derek Daly,0.08613050631015254,-0.19620828137272608,3,43,http://en.wikipedia.org/wiki/Derek_Daly
Charles Leclerc,-0.5637353087584669,-0.6923733171295532,5,42,http://en.wikipedia.org/wiki/Charles_Leclerc
Lance Macklin,0.13950408772675016,0.784779716271694,5,42,http://en.wikipedia.org/wiki/Lance_Macklin
Rudi Fischer,0.3712204628618416,0.6850801235489584,5,42,http://en.wikipedia.org/wiki/Rudi_Fischer
Bob Anderson,-0.1670355616161518,0.27234197190445086,4,42,http://en.wikipedia.org/wiki/Bob_Anderson_(racing_driver)
Patrick Nève,-0.44025940839179356,-0.24367191414585657,4,42,http://en.wikipedia.org/wiki/Patrick_Neve
Reine Wisell,-0.35381697104982723,0.01860323145149953,4,42,http://en.wikipedia.org/wiki/Reine_Wisell
Willy Mairesse,-0.3085313491665806,0.5278186670878954,4,42,http://en.wikipedia.org/wiki/Willy_Mairesse
Karl Wendlinger,0.03996748966362434,-0.7902565298104995,3,42,http://en.wikipedia.org/wiki/Karl_Wendlinger
Stoffel Vandoorne,-0.29512657417931154,-0.44862580099318905,3,42,http://en.wikipedia.org/wiki/Stoffel_Vandoorne
Bill Cheesbourg,0.7127169814986237,-0.32147176096093605,7,40,http://en.wikipedia.org/wiki/Bill_Cheesbourg
Felipe Nasr,-0.6619203603832701,-0.7113293831975785,5,40,http://en.wikipedia.org/wiki/Felipe_Nasr
Jacques Swaters,0.26399211365752356,0.757791511160142,5,40,http://en.wikipedia.org/wiki/Jacques_Swaters
Tim Schenken,-0.1761318768938348,0.11807090846844553,4,40,http://en.wikipedia.org/wiki/Tim_Schenken
Tom Pryce,-0.1371949847513665,-0.2548005375152803,4,40,http://en.wikipedia.org/wiki/Tom_Pryce
Emanuele Pirro,0.09026190753348834,-0.6232805568146473,3,40,http://en.wikipedia.org/wiki/Emanuele_Pirro
Don Freeland,0.7966783385777306,-0.29348196301801527,7,39,http://en.wikipedia.org/wiki/Don_Freeland
Bob Veith,0.5697298252339087,-0.24458597620630362,6,39,http://en.wikipedia.org/wiki/Bob_Veith
Pascal Wehrlein,-0.7008884902500311,-0.6568362664413729,5,39,http://en.wikipedia.org/wiki/Pascal_Wehrlein
Charles Pic,0.3937865205880689,-0.6538192014374157,4,39,http://en.wikipedia.org/wiki/Charles_Pic
Jean-Pierre Jabouille,0.11698467430815009,-0.27316144309292034,3,39,http://en.wikipedia.org/wiki/Jean-Pierre_Jabouille
Philippe Streiff,0.049428321327566575,-0.5717141845941727,1,39,http://en.wikipedia.org/wiki/Philippe_Streiff
Chico Landi,0.4081437211150074,0.5277945866943402,5,38,http://en.wikipedia.org/wiki/Chico_Landi
Pierre Levegh,0.20297532147012803,0.8653194443267028,5,38,http://en.wikipedia.org/wiki/Pierre_Levegh
Guy Ligier,-0.2881905037338496,0.30927729592370173,4,38,http://en.wikipedia.org/wiki/Guy_Ligier
Ricardo Zonta,-0.20531241031438932,-0.7572097566793572,2,38,http://en.wikipedia.org/wiki/Ricardo_Zonta
George Fonder,0.9058939196338527,0.03154317112706875,6,37,http://en.wikipedia.org/wiki/George_Fonder
Tiago Monteiro,-0.7983626684120587,-0.4796811821165626,5,37,http://en.wikipedia.org/wiki/Tiago_Monteiro
Gerry Ashmore,-0.2892638571317449,0.5627893500888257,4,37,http://en.wikipedia.org/wiki/Gerry_Ashmore
Jolyon Palmer,-0.557043542787785,-0.43079218894903826,3,37,http://en.wikipedia.org/wiki/Jolyon_Palmer
Chuck Weyant,0.864838046580376,-0.21719716271378,7,36,http://en.wikipedia.org/wiki/Chuck_Weyant
Mike Magill,0.6606575581554152,-0.3184287216759712,7,36,http://en.wikipedia.org/wiki/Mike_Magill
Chet Miller,0.6948172674639848,0.15173817814726623,6,36,http://en.wikipedia.org/wiki/Chet_Miller
Cliff Griffith,0.6346171190450466,0.14336783062428843,6,36,http://en.wikipedia.org/wiki/Cliff_Griffith
Dick Rathmann,0.5274250592088414,-0.10517904740690236,6,36,http://en.wikipedia.org/wiki/Dick_Rathmann
Marc Gené,0.33211108271415357,-0.7567805302751075,4,36,http://en.wikipedia.org/wiki/Marc_Gen%C3%A9
Kazuki Nakajima,-0.4058498753094566,-0.6972783711911718,3,36,http://en.wikipedia.org/wiki/Kazuki_Nakajima
Ernie McCoy,0.9253521262154772,-0.014496484715477534,6,35,http://en.wikipedia.org/wiki/Ernie_McCoy
Alfonso de Portago,0.06008837901805622,0.7723561308094441,5,35,http://en.wikipedia.org/wiki/Alfonso_de_Portago
Emilio de Villota,-0.20754204063434467,-0.295302930481946,3,35,http://en.wikipedia.org/wiki/Emilio_de_Villota
Raul Boesel,-0.15198508897743868,-0.3011405899162917,3,35,http://en.wikipedia.org/wiki/Raul_Boesel
Frank Armi,0.9231451926945883,-0.10640680779588402,6,34,http://en.wikipedia.org/wiki/Frank_Armi
Johnny McDowell,0.7871694201944388,0.13048920786486778,6,34,http://en.wikipedia.org/wiki/Johnny_McDowell
Larry Crockett,0.9262543839614257,-0.06115633908020792,6,34,http://en.wikipedia.org/wiki/Larry_Crockett
Ottorino Volonterio,0.16431918507832005,0.4359702091586057,5,34,http://en.wikipedia.org/wiki/Ottorino_Volonterio
Tim Parnell,-0.22419078469801562,0.5361564607547097,4,34,http://en.wikipedia.org/wiki/Tim_Parnell
Bill Holland,0.884380873985568,-0.14010618423076437,6,33,http://en.wikipedia.org/wiki/Bill_Holland
Travis Webb,0.7439816584605393,0.11464547038882836,6,33,http://en.wikipedia.org/wiki/Travis_Webb
Olivier Grouillard,0.20273091088856998,-0.4116034464274276,3,33,http://en.wikipedia.org/wiki/Olivier_Grouillard
Shinji Nakano,-0.1329183943050005,-0.874427791893731,2,33,http://en.wikipedia.org/wiki/Shinji_Nakano
Karl Kling,0.22099162753553453,0.41138330981977345,5,32,http://en.wikipedia.org/wiki/Karl_Kling
Bernard Collomb,-0.11637118958676977,0.2853509866651143,4,32,http://en.wikipedia.org/wiki/Bernard_Collomb
Bernd Schneider,0.29031278361856927,-0.5352373398855917,3,32,http://en.wikipedia.org/wiki/Bernd_Schneider_(racecar_driver)
Luis Pérez-Sala,0.2985754453541177,-0.7868719093090337,3,32,http://en.wikipedia.org/wiki/Luis_Perez-Sala
Pedro Lamy,-0.07576935068956717,-0.7616906665702047,3,32,http://en.wikipedia.org/wiki/Pedro_Lamy
Jackie Holmes,0.8776368468573704,-0.02516811042367475,6,31,http://en.wikipedia.org/wiki/Jackie_Holmes
Johnny Mantz,0.5520039094574382,-0.00695148195320035,6,31,http://en.wikipedia.org/wiki/Johnny_Mantz
Gunnar Nilsson,-0.1307290591526513,-0.01182547993543154,4,31,http://en.wikipedia.org/wiki/Gunnar_Nilsson
Pete Lovely,-0.32883670915768565,0.1420247048780085,4,31,http://en.wikipedia.org/wiki/Pete_Lovely
Cecil Green,0.8020225594463906,0.18762684976201693,6,30,http://en.wikipedia.org/wiki/Cecil_Green
Walt Brown,0.7504120184849311,0.19101195618599623,6,30,http://en.wikipedia.org/wiki/Walt_Brown_(auto_racer)
André Pilette,0.2233401490215227,0.46680404608619125,5,30,http://en.wikipedia.org/wiki/Andr%C3%A9_Pilette
Helmut Marko,-0.4914618829554314,0.07861014243333438,5,30,http://en.wikipedia.org/wiki/Helmut_Marko
Michael May,-0.24937897195205241,0.5964431544052062,5,30,http://en.wikipedia.org/wiki/Michael_May_(racing_driver)
Paul Frère,0.3679207443144451,0.6279092373573549,5,30,http://en.wikipedia.org/wiki/Paul_Fr%C3%A8re
Richard Attwood,-0.3670482957446436,0.3262734720464063,4,30,http://en.wikipedia.org/wiki/Richard_Attwood
Mauro Baldi,0.17626191348759054,-0.3635520974160374,3,30,http://en.wikipedia.org/wiki/Mauro_Baldi
Ricardo Rosset,-0.531036765937408,-0.7842408992079325,3,30,http://en.wikipedia.org/wiki/Ricardo_Rosset
Stuart Lewis-Evans,-0.1105925112522737,0.659924752379707,5,29,http://en.wikipedia.org/wiki/Stuart_Lewis-Evans
Alex Soler-Roig,-0.45350674505920086,0.030157001072490478,4,29,http://en.wikipedia.org/wiki/Alex_Soler-Roig
George Eaton,-0.42581326399064884,0.258442800302626,4,29,http://en.wikipedia.org/wiki/George_Eaton
Silvio Moser,-0.21120666416589398,0.1791136363851688,4,29,http://en.wikipedia.org/wiki/Silvio_Moser
Toranosuke Takagi,-0.570793648983761,-0.7574144309916968,4,29,http://en.wikipedia.org/wiki/Toranosuke_Takagi
Enrique Bernoldi,-0.3025570623416784,-0.8190411723878239,3,29,http://en.wikipedia.org/wiki/Enrique_Bernoldi
Eric van de Poele,0.08579817419168101,-0.7124931437933489,3,29,http://en.wikipedia.org/wiki/Eric_van_de_Poele
Nelson Piquet Jr.,-0.341444662787063,-0.427230927037612,4,28,"http://en.wikipedia.org/wiki/Nelson_Piquet,_Jr."
Scott Speed,-0.721645770284253,-0.4335498977176433,4,28,http://en.wikipedia.org/wiki/Scott_Speed
Andrea Montermini,0.16781379397361362,-0.8097152301581676,3,28,http://en.wikipedia.org/wiki/Andrea_Montermini
Dave Charlton,-0.3118496845492888,0.058061394629913304,3,28,http://en.wikipedia.org/wiki/Dave_Charlton
Cristiano da Matta,-0.09287828639797109,-0.8131589068024876,2,28,http://en.wikipedia.org/wiki/Cristiano_da_Matta
David Brabham,0.2871062442701097,-0.8399300517368891,2,28,http://en.wikipedia.org/wiki/David_Brabham
Manfred Winkelhock,0.35681239395431685,-0.41696554738014474,2,28,http://en.wikipedia.org/wiki/Manfred_Winkelhock
Manny Ayulo,0.663310573265923,0.18972377527786205,6,27,http://en.wikipedia.org/wiki/Manny_Ayulo
Carroll Shelby,-0.05373330433607196,0.6906098996395071,5,27,http://en.wikipedia.org/wiki/Carroll_Shelby
Sébastien Bourdais,-0.05092647216559152,-0.7247840047765503,5,27,http://en.wikipedia.org/wiki/S%C3%A9bastien_Bourdais
Boy Lunger,-0.45786785238676064,-0.2058759856790126,4,27,http://en.wikipedia.org/wiki/Boy_Hayje
Harald Ertl,0.04232155870272832,-0.10527016758454874,3,27,http://en.wikipedia.org/wiki/Harald_Ertl
Paul Belmondo,0.054293032045642266,-0.8276559214685622,3,27,http://en.wikipedia.org/wiki/Paul_Belmondo
Luigi Fagioli,0.36936573553835744,0.5268472042123317,6,26,http://en.wikipedia.org/wiki/Luigi_Fagioli
Peter Hirt,0.3830504700881295,0.7301739966835751,5,26,http://en.wikipedia.org/wiki/Peter_Hirt
John Love,-0.3769027522602077,0.1787061734904783,4,26,http://en.wikipedia.org/wiki/John_Love_(racing_driver)
Lella Lombardi,-0.33752618212534385,-0.1387990272250125,3,26,http://en.wikipedia.org/wiki/Lella_Lombardi
Tarso Marques,-0.17436322519572703,-0.4669904399650804,3,26,http://en.wikipedia.org/wiki/Tarso_Marques
Alan Brown,-0.020934530610797787,0.7909406327413356,5,25,http://en.wikipedia.org/wiki/Alan_Brown_(racing_driver)
Brendon Hartley,-0.24194713766611373,-0.3800841738125592,5,25,http://en.wikipedia.org/wiki/Brendon_Hartley
Raymond Sommer,0.25347284013480875,0.8818303987667905,5,25,http://en.wikipedia.org/wiki/Raymond_Sommer
François Migault,-0.3351284544580715,-0.054286238875681736,3,25,http://en.wikipedia.org/wiki/Fran%C3%A7ois_Migault
Jan Magnussen,-0.25869929850676227,-0.7290942503996231,2,25,http://en.wikipedia.org/wiki/Jan_Magnussen
Maria de Filippis,-0.10154135867414717,0.723861581300945,5,24,http://en.wikipedia.org/wiki/Maria_Teresa_de_Filippis
Reg Parnell,0.3071820151294226,0.7802123680758247,5,24,http://en.wikipedia.org/wiki/Reg_Parnell
George Follmer,-0.4357810516465324,0.21745531726825768,4,24,http://en.wikipedia.org/wiki/George_Follmer
Anthony Davidson,-0.5559340620581282,-0.3532225624136117,3,24,http://en.wikipedia.org/wiki/Anthony_Davidson
Eliseo Salazar,0.36837108343977415,-0.33800852928343295,3,24,http://en.wikipedia.org/wiki/Eliseo_Salazar
Paul Goldsmith,0.7206194329485024,-0.385506734598362,7,23,http://en.wikipedia.org/wiki/Paul_Goldsmith
Shorty Templeman,0.6634026302127745,-0.37658538282086035,7,23,http://en.wikipedia.org/wiki/Shorty_Templeman
Franco Rol,0.49205899604538184,0.6203560979502247,6,23,http://en.wikipedia.org/wiki/Franco_Rol
Gene Force,0.8488022036032744,0.1254392449950417,6,23,http://en.wikipedia.org/wiki/Gene_Force
Keith Andrews,0.5189503367209255,-0.18177256607102119,6,23,http://en.wikipedia.org/wiki/Keith_Andrews_(driver)
Len Sutton,0.5922467886816983,-0.30598236774299675,6,23,http://en.wikipedia.org/wiki/Len_Sutton
Alberto Uria,0.28325459369535755,0.43511945153534826,5,23,http://en.wikipedia.org/wiki/Alberto_Uria
Clemar Bucci,0.30449803258185004,0.3950971119181675,5,23,http://en.wikipedia.org/wiki/Clemar_Bucci
Antonio Giovinazzi,-0.5070381542937913,-0.6619786072777469,4,23,http://en.wikipedia.org/wiki/Antonio_Giovinazzi
John Campbell-Jones,-0.08805574303352476,0.21658001450189945,4,23,http://en.wikipedia.org/wiki/John_Campbell-Jones
Johnny Servoz-Gavin,-0.426025055298383,0.09487021376335025,4,23,http://en.wikipedia.org/wiki/Johnny_Servoz-Gavin
Jan Lammers,0.2385580024617518,-0.3195631741931949,3,23,http://en.wikipedia.org/wiki/Jan_Lammers
Johnny Cecotto,0.4727765518070322,-0.498099599055608,3,23,http://en.wikipedia.org/wiki/Johnny_Cecotto
Hernando da Silva Ramos,0.3054083045340503,0.4843196639228347,5,22,http://en.wikipedia.org/wiki/Hernando_da_Silva_Ramos
Kenneth McAlpine,-0.1775069650623975,0.7715474238800221,5,22,http://en.wikipedia.org/wiki/Kenneth_McAlpine
Nanni Galli,-0.3816387575873883,-0.03827558712318765,4,22,http://en.wikipedia.org/wiki/Nanni_Galli
Skip Barber,-0.3633653724357119,-0.09526368803160692,4,22,http://en.wikipedia.org/wiki/Skip_Barber
Stefan Bellof,-0.005855418411504329,-0.6559360966269735,1,22,http://en.wikipedia.org/wiki/Stefan_Bellof
Don Edmunds,0.7746593425331639,-0.3435141974816857,7,21,http://en.wikipedia.org/wiki/Don_Edmunds
Elmer George,0.8485931420664367,-0.2815492440814908,7,21,http://en.wikipedia.org/wiki/Elmer_George
George Connor,0.5746238868716519,0.12020810089717249,6,21,http://en.wikipedia.org/wiki/George_Connor_(driver)
Alexander Albon,-0.36400598763689035,-0.33816300090691626,5,21,http://en.wikipedia.org/wiki/Alexander_Albon
Chris Irwin,-0.5141651882903928,0.23750250346288135,5,21,http://en.wikipedia.org/wiki/Chris_Irwin
George Russell,-0.3651898635764548,-0.8476228076053893,5,21,http://en.wikipedia.org/wiki/George_Russell_(racing_driver)
Adrián Campos,0.2618164420122229,-0.6287277764814442,4,21,http://en.wikipedia.org/wiki/Adri%C3%A1n_Campos
Keith Greene,-0.022811633610586402,0.34860736867498276,4,21,http://en.wikipedia.org/wiki/Keith_Greene
Lando Norris,-0.4113628295293078,-0.3035985200684257,4,21,http://en.wikipedia.org/wiki/Lando_Norris
Sakon Yamamoto,-0.6806590902159394,-0.40202272829396596,4,21,http://en.wikipedia.org/wiki/Sakon_Yamamoto
Sergey Sirotkin,-0.69710114727103,-0.5122829522350748,4,21,http://en.wikipedia.org/wiki/Sergey_Sirotkin_(racing_driver)
Derek Bell,-0.026697792013556973,0.06490467037420869,3,21,http://en.wikipedia.org/wiki/Derek_Bell_(auto_racer)
François Hesnault,0.13564100956823305,-0.3282212646813393,3,21,http://en.wikipedia.org/wiki/Fran%C3%A7ois_Hesnault
Gastón Mazzacane,0.3890788482972174,-0.760834146522614,3,21,http://en.wikipedia.org/wiki/Gast%C3%B3n_Mazzacane
Billy Garrett,0.5534976223327941,-0.314375061142272,7,20,http://en.wikipedia.org/wiki/Billy_Garrett
Joe James,0.5398482936822392,0.0681930814520319,6,20,http://en.wikipedia.org/wiki/Joe_James_(racing_driver)
Eugène Chaboud,0.3167613855994568,0.8762511123879185,5,20,http://en.wikipedia.org/wiki/Eug%C3%A8ne_Chaboud
Antônio Pizzonia,-0.4629244364604949,-0.7390329320331501,4,20,http://en.wikipedia.org/wiki/Ant%C3%B4nio_Pizzonia
Jay Chamberlain,-0.37606195450600005,0.48159199212197057,4,20,http://en.wikipedia.org/wiki/Jay_Chamberlain
Jérôme d'Ambrosio,0.29860186025158525,-0.6062428521749041,4,20,http://en.wikipedia.org/wiki/J%C3%A9r%C3%B4me_d%27Ambrosio
Ludovico Scarfiotti,-0.48987625204944935,0.369923666836279,4,20,http://en.wikipedia.org/wiki/Ludovico_Scarfiotti
Nino Vaccarella,-0.3706887787940561,0.430970173298002,4,20,http://en.wikipedia.org/wiki/Nino_Vaccarella
Zsolt Baumgartner,-0.8453023713149128,-0.23625900004648667,4,20,http://en.wikipedia.org/wiki/Zsolt_Baumgartner
Fabrizio Barbazza,0.24378466214827052,-0.8901246445183945,3,20,http://en.wikipedia.org/wiki/Fabrizio_Barbazza
Julian Bailey,0.13360504082417293,-0.6935309996227086,2,20,http://en.wikipedia.org/wiki/Julian_Bailey
Giedo van der Garde,0.47742127702093595,-0.6887708529765637,5,19,http://en.wikipedia.org/wiki/Giedo_van_der_Garde
Peter Arundell,-0.45544942793056514,0.4123936814306911,5,19,http://en.wikipedia.org/wiki/Peter_Arundell
Piero Carini,0.44314869656163386,0.7275438753039998,5,19,http://en.wikipedia.org/wiki/Piero_Carini
Ricardo Rodríguez,-0.4180018148746299,0.5670175649259218,5,19,http://en.wikipedia.org/wiki/Ricardo_Rodr%C3%ADguez_(Formula_One)
Hap Sharp,-0.0351299746945232,0.18539116685976073,4,19,http://en.wikipedia.org/wiki/Hap_Sharp
Ivor Bueb,0.07181310899745169,0.3952874531763641,4,19,http://en.wikipedia.org/wiki/Ivor_Bueb
Lucas di Grassi,0.32113577080820915,-0.649989378829109,4,19,http://en.wikipedia.org/wiki/Lucas_di_Grassi
Will Stevens,0.7067926704454929,0.3265663726426121,4,19,http://en.wikipedia.org/wiki/Will_Stevens
Consalvo Sanesi,0.4443505925380899,0.5813949764222852,6,18,http://en.wikipedia.org/wiki/Consalvo_Sanesi
David Murray,0.36554812393532704,0.7847197916994607,6,18,http://en.wikipedia.org/wiki/David_Murray_(driver)
Duncan Hamilton,0.1350292614774841,0.8811908910982897,5,18,http://en.wikipedia.org/wiki/Duncan_Hamilton_(racing_driver)
Gianmaria Bruni,-0.8785359715128433,-0.20567254659233822,5,18,http://en.wikipedia.org/wiki/Gianmaria_Bruni
Guy Mairesse,0.29574796452458857,0.9190047891670263,5,18,http://en.wikipedia.org/wiki/Guy_Mairesse
Alan Stacey,-0.03950236280373122,0.29694332162541986,4,18,http://en.wikipedia.org/wiki/Alan_Stacey
Chico Serra,0.147380280549889,-0.18039560207915284,4,18,http://en.wikipedia.org/wiki/Chico_Serra
Moisés Solana,-0.4066718976790356,0.3754066528572379,4,18,http://en.wikipedia.org/wiki/Mois%C3%A9s_Solana
Vic Elford,-0.4694215765926471,0.2941846501213263,4,18,http://en.wikipedia.org/wiki/Vic_Elford
Brian Redman,-0.43459514300158025,0.14281422186451448,3,18,http://en.wikipedia.org/wiki/Brian_Redman
Corrado Fabi,0.3749115811365585,-0.48876225935274764,3,18,http://en.wikipedia.org/wiki/Corrado_Fabi
Taki Inoue,0.07905768112797915,-0.9594996643094346,3,18,http://en.wikipedia.org/wiki/Taki_Inoue
Mack Hellings,0.9129443947675528,0.12715409509117645,7,17,http://en.wikipedia.org/wiki/Mack_Hellings
Bill Schindler,0.7804867385135222,0.2563323141825929,6,17,http://en.wikipedia.org/wiki/Bill_Schindler
Allan McNish,-0.1795552922789874,-0.8324473640644883,4,17,http://en.wikipedia.org/wiki/Allan_McNish
Brian Naylor,-0.2838949111916774,0.6606302560168199,4,17,http://en.wikipedia.org/wiki/Brian_Naylor
Pierre-Henri Raphanel,-0.012465191788405869,-0.8399967866384909,2,17,http://en.wikipedia.org/wiki/Pierre-Henri_Raphanel
Jim McWithey,0.8596209370800352,-0.40173131557879804,7,16,http://en.wikipedia.org/wiki/Jim_McWithey
Red Amick,0.8100533313463865,-0.41095879604010843,7,16,http://en.wikipedia.org/wiki/Red_Amick
Carl Forberg,0.6658933781281244,0.24261489863958688,6,16,http://en.wikipedia.org/wiki/Carl_Forberg
Lee Wallard,0.7254890563465838,0.25367106502445824,6,16,http://en.wikipedia.org/wiki/Lee_Wallard
Charles de Tornaco,0.4402127110645572,0.6593688195178704,5,16,http://en.wikipedia.org/wiki/Charles_de_Tornaco
Ernesto Prinoth,-0.3660524627002644,0.5872714793648871,5,16,http://en.wikipedia.org/wiki/Ernesto_Prinoth
Lloyd Ruby,0.33415423335350064,0.167823648744326,5,16,http://en.wikipedia.org/wiki/Lloyd_Ruby
Alex Yoong,-0.4495968872369534,-0.48092783034186515,4,16,http://en.wikipedia.org/wiki/Alex_Yoong
Chris Bristow,-0.1757192835592124,0.6754978858888075,4,16,http://en.wikipedia.org/wiki/Chris_Bristow
Rikky von Opel,0.147436887281511,-0.11463787428255699,4,16,http://en.wikipedia.org/wiki/Rikky_von_Opel
Beppe Gabbiani,0.33160392216062695,-0.3660587437505162,3,16,http://en.wikipedia.org/wiki/Beppe_Gabbiani
Esteban Tuero,-0.14017689141625111,-0.9535104347694315,3,16,http://en.wikipedia.org/wiki/Esteban_Tuero
Johnny Dumfries,0.2804758457588386,-0.40087433737790545,3,16,http://en.wikipedia.org/wiki/Johnny_Dumfries
Justin Wilson,-0.4815483995319133,-0.8111112217267121,3,16,http://en.wikipedia.org/wiki/Justin_Wilson_(racing_driver)
Oscar Larrauri,0.4068104306144972,-0.7160655236970535,2,16,http://en.wikipedia.org/wiki/Oscar_Larrauri
Anthony Foyt,0.7448839501407789,-0.43556260543294417,7,15,http://en.wikipedia.org/wiki/A.J._Foyt
Jerry Unser,0.6130540423625894,-0.3996519587469599,7,15,http://en.wikipedia.org/wiki/Jerry_Unser
Paul Pietsch,0.5855876256048116,0.5649635506840047,6,15,http://en.wikipedia.org/wiki/Paul_Pietsch
Eric Brandon,0.0248060217148768,0.8526255670791579,5,15,http://en.wikipedia.org/wiki/Eric_Brandon
Gino Bianco,0.5374149984946589,0.4822349288318341,5,15,http://en.wikipedia.org/wiki/Gino_Bianco
Jorge Daponte,0.3673333482666306,0.4611304562244768,5,15,http://en.wikipedia.org/wiki/Jorge_Daponte
Bob Bondurant,-0.4874975999673697,0.19401362165478087,4,15,http://en.wikipedia.org/wiki/Bob_Bondurant
Bob Gerard,-0.060621280623591296,0.7758921168560361,4,15,http://en.wikipedia.org/wiki/Bob_Gerard
David Hobbs,-0.5082240276931682,0.14478007329152578,4,15,http://en.wikipedia.org/wiki/David_Hobbs_(racing_driver)
David Walker,-0.4325844114132501,-0.016344295162143127,4,15,http://en.wikipedia.org/wiki/David_Walker_(racing_driver)
Guy Edwards,-0.022263968656065444,0.11492534254635972,4,15,http://en.wikipedia.org/wiki/Guy_Edwards
Mike Taylor,0.033220818604531736,0.30142413744673185,4,15,http://en.wikipedia.org/wiki/Mike_Taylor_(driver)
Tony Shelly,-0.39654009044254934,0.5194139998713239,4,15,http://en.wikipedia.org/wiki/Tony_Shelly
Danny Sullivan,0.36100445322439395,-0.5628899090851267,3,15,http://en.wikipedia.org/wiki/Danny_Sullivan
Ian Ashley,0.10311075648053823,-0.08374878871166001,3,15,http://en.wikipedia.org/wiki/Ian_Ashley
Luciano Burti,-0.01631476856602915,-0.7644396432156266,3,15,http://en.wikipedia.org/wiki/Luciano_Burti
Martin Donnelly,0.19103574121958042,-0.2921718624294514,3,15,http://en.wikipedia.org/wiki/Martin_Donnelly_(racing_driver)
Paolo Barilla,0.3674079228322786,-0.8404902447659869,3,15,http://en.wikipedia.org/wiki/Paolo_Barilla
Joie Chitwood,0.8601809650188492,0.20667218633506296,7,14,http://en.wikipedia.org/wiki/Joie_Chitwood
Jud Larson,0.8526792637820784,-0.34670356270509745,7,14,http://en.wikipedia.org/wiki/Jud_Larson
Ernie Pieterse,-0.5902877968954913,0.47588028144228833,5,14,http://en.wikipedia.org/wiki/Ernie_Pieterse
Neville Lederle,-0.6126137710058529,0.42666246982870043,5,14,http://en.wikipedia.org/wiki/Neville_Lederle
Peter Walker,-0.12527175007224037,0.7912667317050069,5,14,http://en.wikipedia.org/wiki/Peter_Walker_(driver)
Claudio Langes,-0.17849334194481872,-0.896453393426989,4,14,http://en.wikipedia.org/wiki/Claudio_Langes
Dick Gibson,-0.34130204902885575,0.6397887305954371,4,14,http://en.wikipedia.org/wiki/Dick_Gibson
Giorgio Pantano,-0.41798594385804844,-0.8169155999427038,4,14,http://en.wikipedia.org/wiki/Giorgio_Pantano
Ralph Firman,-0.6000853109058868,-0.3606201373594824,4,14,http://en.wikipedia.org/wiki/Ralph_Firman
Hans Binder,-0.30924362048736276,-0.2579692668926443,3,14,http://en.wikipedia.org/wiki/Hans_Binder
Edgar Barth,-0.21755780468752933,0.6533956780523477,5,13,http://en.wikipedia.org/wiki/Edgar_Barth
Franco Comotti,0.49655235212770077,0.696772751935975,5,13,http://en.wikipedia.org/wiki/Franco_Comotti
Roberto Merhi,0.7541305979625276,0.35163342087677374,5,13,http://en.wikipedia.org/wiki/Roberto_Merhi
Renato Pirocchi,-0.007294395844955989,0.2425085152236622,4,13,http://en.wikipedia.org/wiki/Renato_Pirocchi
Roberto Guerrero,0.5593958640515558,-0.5263437271455473,4,13,http://en.wikipedia.org/wiki/Roberto_Guerrero
Geoff Lees,0.339451832402336,-0.2639918366596749,3,13,http://en.wikipedia.org/wiki/Geoff_Lees
Huub Rothengatter,0.36021966522993926,-0.680052794393821,3,13,http://en.wikipedia.org/wiki/Huub_Rothengatter
Leo Kinnunen,0.10126759791282669,-0.023935311347148526,3,13,http://en.wikipedia.org/wiki/Leo_Kinnunen
Michael Andretti,0.2943811963997973,-0.3322538098271066,3,13,http://en.wikipedia.org/wiki/Michael_Andretti
Siegfried Stohr,0.2067401675752306,-0.2330916289409579,2,13,http://en.wikipedia.org/wiki/Siegfried_Stohr
Bobby Grim,0.9233957587393063,-0.27588520844937153,7,12,http://en.wikipedia.org/wiki/Bobby_Grim
Eddie Sachs,0.6709937863941541,-0.4516409820512782,7,12,http://en.wikipedia.org/wiki/Eddie_Sachs
Rio Haryanto,-0.7830419661250626,-0.5955409087223669,6,12,http://en.wikipedia.org/wiki/Rio_Haryanto
Eitel Cantoni,0.5310990616986967,0.5615471424340442,5,12,http://en.wikipedia.org/wiki/Eitel_Cantoni
Henri Louveau,0.23220232616700603,0.9406445436786081,5,12,http://en.wikipedia.org/wiki/Henri_Louveau
Theo Helfrich,0.6960604868811491,0.5038032954507007,5,12,http://en.wikipedia.org/wiki/Theo_Helfrich
Tony Rolt,-0.20704849062103411,0.8260219612501251,5,12,http://en.wikipedia.org/wiki/Tony_Rolt
Chuck Daigh,-0.28373808062201705,0.745307121043578,4,12,http://en.wikipedia.org/wiki/Chuck_Daigh
David Purley,-0.4659597158338262,-0.1462580055083174,4,12,http://en.wikipedia.org/wiki/David_Purley
Roger Penske,0.04081951163769841,0.22210670819631256,4,12,http://en.wikipedia.org/wiki/Roger_Penske
Walt Hansgen,-0.44650092350383863,0.4706995594220832,4,12,http://en.wikipedia.org/wiki/Walt_Hansgen
Ricardo Zunino,0.15439974654635763,-0.23841831589201729,3,12,http://en.wikipedia.org/wiki/Ricardo_Zunino
Chuck Arnold,0.9082021967796383,-0.3423125753114272,7,11,http://en.wikipedia.org/wiki/Chuck_Arnold
Dempsey Wilson,0.7171566297534309,-0.48433889669010755,7,11,http://en.wikipedia.org/wiki/Dempsey_Wilson
David Hampshire,0.5424148068954289,0.7187928887177937,6,11,http://en.wikipedia.org/wiki/David_Hampshire
Tony Gaze,0.3662761761866486,0.8533656741520078,6,11,http://en.wikipedia.org/wiki/Tony_Gaze
Hans von Stuck,0.40671737928836865,0.4130487239439717,5,11,http://en.wikipedia.org/wiki/Hans_Von_Stuck
Mike Parkes,-0.5455266205249125,0.41844196159166497,5,11,http://en.wikipedia.org/wiki/Mike_Parkes
Patrick Friesacher,-0.8385237090879224,-0.3573519553042781,5,11,http://en.wikipedia.org/wiki/Patrick_Friesacher
Élie Bayol,0.41244130309249843,0.2646716773980544,5,11,http://en.wikipedia.org/wiki/%C3%89lie_Bayol
Bill Moss,0.08865100260047189,0.2616143666020515,4,11,http://en.wikipedia.org/wiki/Bill_Moss_(racing_driver)
Jean-Christophe Boullion,-0.08154767878725588,-0.8751079418814481,4,11,http://en.wikipedia.org/wiki/Jean-Christophe_Boullion
Karun Chandhok,-0.7464250326903591,-0.49374628035259477,4,11,http://en.wikipedia.org/wiki/Karun_Chandhok
Lance Reventlow,-0.32222232322793676,0.7865851664842273,4,11,http://en.wikipedia.org/wiki/Lance_Reventlow
Peter Ashdown,0.13637635314278926,0.2848475948787615,4,11,http://en.wikipedia.org/wiki/Peter_Ashdown
Robert Doornbos,-0.7659586417986675,-0.368152900647827,3,11,http://en.wikipedia.org/wiki/Robert_Doornbos
Gregor Foitek,0.31063609182563845,-0.8754960460096887,2,11,http://en.wikipedia.org/wiki/Gregor_Foitek
Hermann Lang,0.4917759282273453,0.5182184629337597,6,10,http://en.wikipedia.org/wiki/Hermann_Lang
Roger Laurent,0.5040502116526832,0.7824224740700831,6,10,http://en.wikipedia.org/wiki/Roger_Laurent
André Testut,-0.04490895930849918,0.8423555184758891,5,10,http://en.wikipedia.org/wiki/Andr%C3%A9_Testut
Frank Gardner,-0.5815101681979751,0.20624007378538636,5,10,http://en.wikipedia.org/wiki/Frank_Gardner_(driver)
Jacques Pollet,0.4648576505525933,0.42650179186545567,5,10,http://en.wikipedia.org/wiki/Jacques_Pollet
Geoff Duke,0.10296421378744001,0.1911233854957477,4,10,http://en.wikipedia.org/wiki/Geoff_Duke
Giovanni Lavaggi,-0.005693839136987038,-0.909167234977695,4,10,http://en.wikipedia.org/wiki/Giovanni_Lavaggi
Ian Raby,-0.5681960251202385,0.26814929943526084,4,10,http://en.wikipedia.org/wiki/Ian_Raby
Mark Donohue,-0.43010784815570285,-0.11291381865186965,4,10,http://en.wikipedia.org/wiki/Mark_Donohue
Mikko Kozarowitzky,-0.5710868549152818,-0.20048048278181388,4,10,http://en.wikipedia.org/wiki/Mikko_Kozarowitzky
Sam Tingle,-0.6974035628416508,0.32892228369211096,4,10,http://en.wikipedia.org/wiki/Sam_Tingle
Andrea Chiesa,0.3316137762929933,-0.9198751723603931,3,10,http://en.wikipedia.org/wiki/Andrea_Chiesa
Olivier Beretta,0.4278825390267376,-0.5410669170967604,3,10,http://en.wikipedia.org/wiki/Olivier_Beretta
Volker Weidler,0.41308205161518036,-0.4271816180324114,2,10,http://en.wikipedia.org/wiki/Volker_Weidler
Alessandro de Tomaso,0.05852134893782774,0.8986657295513809,5,9,http://en.wikipedia.org/wiki/Alessandro_de_Tomaso
Eugène Martin,0.40965951955788893,0.8763124276514401,5,9,http://en.wikipedia.org/wiki/Eug%C3%A8ne_Martin
Gerhard Mitter,-0.5344263340686176,0.5142465506257764,5,9,http://en.wikipedia.org/wiki/Gerhard_Mitter
Juan Manuel Bordeu,0.08007104755360495,0.33002230956406026,5,9,http://en.wikipedia.org/wiki/Juan_Manuel_Bordeu
Ken Kavanagh,-0.07458991550439295,0.8809990393109572,5,9,http://en.wikipedia.org/wiki/Ken_Kavanagh
Ken Miles,0.21610180349897334,0.25287051027230306,5,9,http://en.wikipedia.org/wiki/Ken_Miles
Luigi Taramazzo,-0.12813502737048715,0.8455626811209954,5,9,http://en.wikipedia.org/wiki/Luigi_Taramazzo
Peter Ryan,0.2651334139161667,0.27289605952501933,5,9,http://en.wikipedia.org/wiki/Peter_Ryan_(driver)
Óscar González,0.3690834643077757,0.374208520431507,5,9,http://en.wikipedia.org/wiki/Oscar_Gonz%C3%A1lez_(racing_driver)
Alessandro Pesenti-Rossi,0.16872094653347158,-0.05129276979424082,4,9,http://en.wikipedia.org/wiki/Alessandro_Pesenti-Rossi
André Guelfi,-0.4144660274049289,0.7184856874099719,4,9,http://en.wikipedia.org/wiki/Andr%C3%A9_Guelfi
Christian Goethals,-0.38707167898884204,0.6699639173950886,4,9,http://en.wikipedia.org/wiki/Christian_Goethals
David Piper,-0.5054144331241903,0.4690692031748589,4,9,http://en.wikipedia.org/wiki/David_Piper
François Picard,0.018679407827811186,0.38566703690334125,4,9,http://en.wikipedia.org/wiki/Fran%C3%A7ois_Picard
Robert La Caze,-0.32578834856010613,0.7083242457046997,4,9,http://en.wikipedia.org/wiki/Robert_La_Caze
Tom Bridger,-0.4360095105769282,0.6522559072876309,4,9,http://en.wikipedia.org/wiki/Tom_Bridger
Allen Berg,0.5198007112760454,-0.6370694217602053,3,9,http://en.wikipedia.org/wiki/Allen_Berg
Jean-Marc Gounon,0.4304803379602988,-0.8676315825219,3,9,http://en.wikipedia.org/wiki/Jean-Marc_Gounon
Michael Bleekemolen,-0.5154369237405826,-0.17181903802339982,3,9,http://en.wikipedia.org/wiki/Michael_Bleekemolen
Tony Brise,-0.5220843098801511,-0.08872124740620904,3,9,http://en.wikipedia.org/wiki/Tony_Brise
Charles Pozzi,0.17495655098888666,0.9518322111648445,5,8,http://en.wikipedia.org/wiki/Charles_Pozzi
Giulio Cabianca,-0.26035624876197416,0.8084518969987511,5,8,http://en.wikipedia.org/wiki/Giulio_Cabianca
John Fitch,0.4252694936932753,0.7931996144256844,5,8,http://en.wikipedia.org/wiki/John_Fitch_(driver)
Kurt Adolff,0.45935725617328377,0.4870709147569702,5,8,http://en.wikipedia.org/wiki/Kurt_Adolff
Leslie Marr,-0.7193289922266591,0.5062995337836952,5,8,http://en.wikipedia.org/wiki/Leslie_Marr
Max de Terra,0.47080770930788124,0.8274138705637302,5,8,http://en.wikipedia.org/wiki/Max_de_Terra
Ronnie Bucknum,-0.5717162419907017,0.380325180681407,5,8,http://en.wikipedia.org/wiki/Ronnie_Bucknum
Tony Settember,0.15542160123731202,0.22666328338469688,5,8,http://en.wikipedia.org/wiki/Tony_Settember
Alain de Changy,-0.21920692935922023,0.7270424996018422,4,8,http://en.wikipedia.org/wiki/Alain_de_Changy
Alfonso Thiele,0.1456247732175687,0.3391494407549063,4,8,http://en.wikipedia.org/wiki/Alfonso_Thiele
Bill Brack,-0.5783307869871113,0.14635333090757952,4,8,http://en.wikipedia.org/wiki/Bill_Brack
Gérard Larrousse,0.25674203929643313,-0.13460679985638865,4,8,http://en.wikipedia.org/wiki/G%C3%A9rard_Larrousse
Jean Lucienbonnet,0.20392338038968952,0.31738170007852473,4,8,http://en.wikipedia.org/wiki/Jean_Lucienbonnet
Michel Leclère,-0.5105194951890308,-0.008401721227384081,4,8,http://en.wikipedia.org/wiki/Michel_Lecl%C3%A8re
Riccardo Paletti,-0.2581881239302899,-0.3074771694543786,4,8,http://en.wikipedia.org/wiki/Riccardo_Paletti
Roberto Bussinello,-0.5343723373325948,0.3162579249980474,4,8,http://en.wikipedia.org/wiki/Roberto_Bussinello
Jo Gartner,0.5299303530911503,-0.5823177795751546,3,8,http://en.wikipedia.org/wiki/Jo_Gartner
Larry Perkins,-0.471900194947974,-0.07267273497976198,3,8,http://en.wikipedia.org/wiki/Larry_Perkins
Mike Thackwell,0.2755245379867492,-0.24380384138168826,2,8,http://en.wikipedia.org/wiki/Mike_Thackwell
Alberto Crespo,0.5446383878122736,0.41684229705771253,6,7,http://en.wikipedia.org/wiki/Alberto_Crespo
Brian Shawe Taylor,0.5585472722849804,0.6618652799312378,5,7,http://en.wikipedia.org/wiki/Brian_Shawe_Taylor
Colin Davis,-0.3677474330365736,0.7444972918140135,5,7,http://en.wikipedia.org/wiki/Colin_Davis_(driver)
Fred Wacker,0.34364322106721074,0.30984587708807393,5,7,http://en.wikipedia.org/wiki/Fred_Wacker
Gary Hocking,-0.6652851612139223,0.38108782977580835,5,7,http://en.wikipedia.org/wiki/Gary_Hocking
Giovanni de Riu,0.09155879709991308,0.8455778363526383,5,7,http://en.wikipedia.org/wiki/Giovanni_de_Riu
Mário de Araújo Cabral,-0.493748339133039,0.5531605426077117,5,7,http://en.wikipedia.org/wiki/Mario_de_Araujo_Cabral
Rodney Nuckey,-0.13397518917893855,0.9027103264506374,5,7,http://en.wikipedia.org/wiki/Rodney_Nuckey
Syd van der Vyver,-0.72357223900833,0.4508309394495277,5,7,http://en.wikipedia.org/wiki/Syd_van_der_Vyver
Willi Heeks,0.7121466897117535,0.5591246964065613,5,7,http://en.wikipedia.org/wiki/Willi_Heeks
Carlo Abate,0.037092353779971665,0.16721153320466567,4,7,http://en.wikipedia.org/wiki/Carlo_Mario_Abate
Eddie Keizan,0.1769695082550463,0.005101837801715236,4,7,http://en.wikipedia.org/wiki/Eddie_Keizan
Franck Montagny,-0.6865007796383358,-0.32692771125250203,4,7,http://en.wikipedia.org/wiki/Franck_Montagny
Hubert Hahne,0.02877372865976228,0.048528404240603874,4,7,http://en.wikipedia.org/wiki/Hubert_Hahne
Massimiliano Papis,-0.0015958272189405993,-0.9812793444901701,4,7,http://en.wikipedia.org/wiki/Massimiliano_Papis
Menato Boffa,-0.4665981724656467,0.6029072658635914,4,7,http://en.wikipedia.org/wiki/Menato_Boffa
Otto Stuppacher,-0.3288139407636698,-0.18106044782129543,4,7,http://en.wikipedia.org/wiki/Otto_Stuppacher
Perry McCarthy,-0.3339221038250609,-0.9011013038230067,4,7,http://en.wikipedia.org/wiki/Perry_McCarthy
Richard Robarts,0.20523268156608165,-0.15613241321520427,4,7,http://en.wikipedia.org/wiki/Richard_Robarts
Domenico Schiattarella,-0.23512749599497945,-0.8995108971535944,3,7,http://en.wikipedia.org/wiki/Domenico_Schiattarella
Gijs van Lennep,-0.6156996664334999,0.029906577676408457,3,7,http://en.wikipedia.org/wiki/Gijs_Van_Lennep
Dave Kennedy,0.475280565664228,-0.35647952787872145,2,7,http://en.wikipedia.org/wiki/David_Kennedy_(racing_driver)
Adolf Brudes,0.8284366632737866,0.45026735108220417,6,6,http://en.wikipedia.org/wiki/Adolf_Brudes
Fritz Riess,0.781668750071029,0.566933032967523,6,6,http://en.wikipedia.org/wiki/Fritz_Riess
Hans Klenk,0.7737460700381457,0.44606149038579657,6,6,http://en.wikipedia.org/wiki/Hans_Klenk
Jan Flinterman,0.6743623376279329,0.4512951428692306,6,6,http://en.wikipedia.org/wiki/Jan_Flinterman
Joe Fry,0.6065037638694606,0.7245772485220027,6,6,http://en.wikipedia.org/wiki/Joe_Fry
Josef Peters,0.82488349283776,0.5081936310375238,6,6,http://en.wikipedia.org/wiki/Josef_Peters_(driver)
Rudolf Schoeller,0.5686032091525381,0.7789243286291662,6,6,http://en.wikipedia.org/wiki/Rudolf_Schoeller
Toni Branca,0.6376876529204295,0.5346691475079927,6,6,http://en.wikipedia.org/wiki/Toni_Branca
Toni Ulmen,0.768721378882352,0.5061091216470691,6,6,http://en.wikipedia.org/wiki/Toni_Ulmen
Ernst Loof,0.610539793689101,0.604677002005582,5,6,http://en.wikipedia.org/wiki/Ernst_Loof
Erwin Bauer,0.6747824212913092,0.5939765012155971,5,6,http://en.wikipedia.org/wiki/Erwin_Bauer
Oswald Karch,0.6351486435789109,0.6466121759390637,5,6,http://en.wikipedia.org/wiki/Oswald_Karch
Rob Schroeder,0.21311603874887253,0.19044152508452328,5,6,http://en.wikipedia.org/wiki/Rob_Schroeder
Andy Sutcliffe,-0.6729883025830612,-0.18613650113627092,4,6,http://en.wikipedia.org/wiki/Andy_Sutcliffe
Danny Ongais,0.24706919554870024,-0.013971944366541443,4,6,http://en.wikipedia.org/wiki/Danny_Ongais
Enrico Bertaggia,-0.42022319639926303,-0.8798497628636859,4,6,http://en.wikipedia.org/wiki/Enrico_Bertaggia
Eppie Wietzes,0.15600460068793903,0.05490370390529788,4,6,http://en.wikipedia.org/wiki/Eppie_Wietzes
Ignazio Giunti,-0.5726971118280926,-0.023952770828082157,4,6,http://en.wikipedia.org/wiki/Ignazio_Giunti
Ingo Hoffmann,0.08942608117848407,0.03393988413290043,4,6,http://en.wikipedia.org/wiki/Ingo_Hoffmann
Roger Williamson,-0.6248009907778471,-0.12584653856965144,4,6,http://en.wikipedia.org/wiki/Roger_Williamson
Vern Schuppan,-0.6317100857027034,-0.06500575022106932,4,6,http://en.wikipedia.org/wiki/Vern_Schuppan
Vic Wilson,0.061461534511777494,0.10731494411109609,4,6,http://en.wikipedia.org/wiki/Vic_Wilson_(motor_racing_driver)
Joachim Winkelhock,0.16272593123439164,-0.9304667060867504,3,6,http://en.wikipedia.org/wiki/Joachim_Winkelhock
Renzo Zorzi,-0.511425506374885,-0.24923972912301123,3,6,http://en.wikipedia.org/wiki/Renzo_Zorzi
Tony Trimmer,-0.5805683391691526,-0.24944046577623702,3,6,http://en.wikipedia.org/wiki/Tony_Trimmer
Emanuele Naspetti,0.0958428342996622,-0.8802130709813875,2,6,http://en.wikipedia.org/wiki/Emanuele_Naspetti
Mauri Rose,0.9749239377964607,0.10128968568496043,7,5,http://en.wikipedia.org/wiki/Mauri_Rose
Wayne Weiler,0.7733567820188654,-0.5526942644024849,7,5,http://en.wikipedia.org/wiki/Wayne_Weiler
Alfredo Pián,0.5954433562927932,0.5001651240431939,6,5,http://en.wikipedia.org/wiki/Alfredo_Pi%C3%A0n
Günther Bechem,-0.6870539939860819,-0.07519262059079086,6,5,http://en.wikipedia.org/wiki/G%C3%BCnther_Bechem
Nello Pagani,0.6039338825192607,0.4450209496968256,6,5,http://en.wikipedia.org/wiki/Nello_Pagani
Alexander Rossi,0.8076438514250049,0.3715833438348096,5,5,http://en.wikipedia.org/wiki/Alexander_Rossi_%28racing_driver%29
Cuth Harrison,0.26502123411570827,0.34888340210803,5,5,http://en.wikipedia.org/wiki/Cuth_Harrison
Dennis Poore,-0.3678736510141503,0.873259181424293,5,5,http://en.wikipedia.org/wiki/Dennis_Poore
Georges Grignard,0.05765858150397642,0.9687076044328246,5,5,http://en.wikipedia.org/wiki/Georges_Grignard
Gino Munaron,-0.6934629557429158,0.6661273692871194,5,5,http://en.wikipedia.org/wiki/Gino_Munaron
Günther Seiffert,-0.6149371424359538,0.33275436996146174,5,5,http://en.wikipedia.org/wiki/G%C3%BCnther_Seiffert
Bernard de Dryver,-0.6782088157048657,-0.23980505239413447,4,5,http://en.wikipedia.org/wiki/Bernard_de_Dryver
Helmuth Koinigg,0.29493609244095315,-0.03997299857113998,4,5,http://en.wikipedia.org/wiki/Helmuth_Koinigg
Loris Kessel,-0.740822215763544,-0.2304035134354996,4,5,http://en.wikipedia.org/wiki/Loris_Kessel
Miguel Ángel Guerra,0.5881984725206916,-0.576608564654993,4,5,http://en.wikipedia.org/wiki/Miguel_Angel_Guerra
Paul England,-0.5708467923321471,0.5909329908670996,4,5,http://en.wikipedia.org/wiki/Paul_England
Sam Posey,0.22817225022891308,0.05412885950358042,4,5,http://en.wikipedia.org/wiki/Sam_Posey
José Dolhem,0.3247320202772976,0.005590640824123102,3,5,http://en.wikipedia.org/wiki/Jos%C3%A9_Dolhem
Nicolas Kiesa,-0.7204472274730618,-0.6219950505024424,3,5,http://en.wikipedia.org/wiki/Nicolas_Kiesa
Art Bisch,0.7079438235395852,-0.5571486228075345,7,4,http://en.wikipedia.org/wiki/Art_Bisch
Ernst Klodwig,-0.920020829498442,-0.28708286004768263,7,4,http://en.wikipedia.org/wiki/Ernst_Klodwig
Rudolf Krause,-0.9358903534552027,-0.2292078842711767,7,4,http://en.wikipedia.org/wiki/Rudolf_Krause
Bill Whitehouse,-0.9306063574644805,0.21183465130313314,6,4,http://en.wikipedia.org/wiki/Bill_Whitehouse
Clemente Biondetti,0.7066640320529285,0.6503880728190599,6,4,http://en.wikipedia.org/wiki/Clemente_Biondetti
Don Beauman,-0.9278488016417671,0.2627678039486921,6,4,http://en.wikipedia.org/wiki/Don_Beauman
Dorino Serafini,0.6602613570036562,0.7027691157198822,6,4,http://en.wikipedia.org/wiki/Dorino_Serafini
Jimmy Stewart,-0.2834491125096663,0.9282661850782966,6,4,http://en.wikipedia.org/wiki/Jimmy_Stewart_(racing_driver)
John Riseley-Prichard,-0.9141434799055363,0.31920628998298795,6,4,http://en.wikipedia.org/wiki/John_Riseley-Prichard
Leslie Thorne,-0.9426854191011523,0.16270804970624836,6,4,http://en.wikipedia.org/wiki/Leslie_Thorne
Tony Crook,-0.3047623510157949,0.8789416718550228,6,4,http://en.wikipedia.org/wiki/Tony_Crook
Alan Rees,0.17305066565640229,0.14309071705640264,5,4,http://en.wikipedia.org/wiki/Alan_Rees_(racing_driver)
Antonio Creus,-0.6501386532057033,0.690664284487305,5,4,http://en.wikipedia.org/wiki/Antonio_Creus
Ben Pon,0.3281594758687932,0.23738328252640123,5,4,http://en.wikipedia.org/wiki/Ben_Pon
Clive Puzey,-0.7623294430593051,0.3280129404611807,5,4,http://en.wikipedia.org/wiki/Clive_Puzey
Ettore Chimeri,-0.7538640510318108,0.5698542690079677,5,4,http://en.wikipedia.org/wiki/Ettore_Chimeri
George Abecassis,-0.032918842857609425,0.9623726500350954,5,4,http://en.wikipedia.org/wiki/George_Abecassis
Giacomo Russo,-0.6633710428416109,0.2153011422637138,5,4,http://en.wikipedia.org/wiki/Geki_(driver)
Heini Walter,0.2723211480916676,0.18671622438275579,5,4,http://en.wikipedia.org/wiki/Heini_Walter
Heinz Schiller,-0.6421367771101175,0.2828998663276052,5,4,http://en.wikipedia.org/wiki/Heinz_Schiller
Ian Stewart,-0.21886730453076805,0.9301609365068073,5,4,http://en.wikipedia.org/wiki/Ian_Stewart_(racing_driver)
John Cannon,-0.7377614734564774,0.06675931165974872,5,4,http://en.wikipedia.org/wiki/John_Cannon_(auto_racer)
Leslie Johnson,-0.38481181043572943,0.815382769135293,5,4,http://en.wikipedia.org/wiki/Leslie_Johnson_(racing_driver)
Massimo Natili,-0.5370765504101803,0.6269209253566084,5,4,http://en.wikipedia.org/wiki/Massimo_Natili
Nasif Estéfano,-0.7274775433355064,0.6193099098815432,5,4,http://en.wikipedia.org/wiki/Nasif_Est%C3%A9fano
Paul Hawkins,-0.6940686586547619,0.5518635020652034,5,4,http://en.wikipedia.org/wiki/Paul_Hawkins_(racing_driver)
Rob Slotemaker,0.3788679847638924,0.2123327787643761,5,4,http://en.wikipedia.org/wiki/Rob_Slotemaker
Chris Craft,-0.6500181590730921,0.14892916946481005,4,4,http://en.wikipedia.org/wiki/Chris_Craft_(racing_driver)
Giorgio Bassi,0.12403985062363068,0.11474619469966435,4,4,http://en.wikipedia.org/wiki/Giorgio_Bassi
Jackie Pretorius,-0.711273551705074,0.12682891940147184,4,4,http://en.wikipedia.org/wiki/Jackie_Pretorius
Les Leston,0.4036408060097143,0.3225235855533759,4,4,http://en.wikipedia.org/wiki/Les_Leston
Mike Wilds,0.2281193475879308,-0.08105560961076946,4,4,http://en.wikipedia.org/wiki/Mike_Wilds
Teddy Pilette,0.41324746814166446,-0.27446016093142667,4,4,http://en.wikipedia.org/wiki/Teddy_Pilette
Tom Belsø,-0.2465327602438167,-0.8131037420113595,4,4,http://en.wikipedia.org/wiki/Tom_Bels%C3%B8
Yuji Ide,-0.7866925443209392,-0.21013761824185048,4,4,http://en.wikipedia.org/wiki/Yuji_Ide
Kevin Cogan,0.30498291304360614,-0.10647190705160502,3,4,http://en.wikipedia.org/wiki/Kevin_Cogan
Norberto Fontana,-0.07560225982209924,-0.9451331645802017,3,4,http://en.wikipedia.org/wiki/Norberto_Fontana
Slim Borgudd,0.5022558464097526,-0.44207958632624905,3,4,http://en.wikipedia.org/wiki/Slim_Borgudd
Torsten Palm,-0.5776010405316798,-0.1021269795649227,3,4,http://en.wikipedia.org/wiki/Torsten_Palm
Michael Bartels,-0.6277410408601503,-0.29618163584860785,2,4,http://en.wikipedia.org/wiki/Michael_Bartels
George Amick,0.7861553403966233,-0.4982727472610654,7,3,http://en.wikipedia.org/wiki/George_Amick
Henry Banks,0.8308797174350188,0.30746038665863473,7,3,http://en.wikipedia.org/wiki/Henry_Banks
Len Duncan,0.9313634685245797,0.2513645940207575,7,3,http://en.wikipedia.org/wiki/Len_Duncan
Marcel Balsa,-0.9575985609360862,-0.16219956671720212,7,3,http://en.wikipedia.org/wiki/Marcel_Balsa
Eric Thompson,-0.5631994755682892,0.7994111646810176,6,3,http://en.wikipedia.org/wiki/Eric_Thompson_(racing_driver)
Ken Downing,-0.432670485219777,0.8817885253648636,6,3,http://en.wikipedia.org/wiki/Ken_Downing
Oscar Gálvez,0.11516855765289893,0.9552286269897149,6,3,http://en.wikipedia.org/wiki/%C3%93scar_Alfredo_G%C3%A1lvez
Aldo Gordini,-0.493983341852248,0.6916089912063642,5,3,http://en.wikipedia.org/wiki/Aldo_Gordini
Alex Blignaut,-0.705872436993391,0.2622172258256022,5,3,http://en.wikipedia.org/wiki/Alex_Blignaut
Arthur Owen,-0.6098886059021921,0.10123364672819896,5,3,http://en.wikipedia.org/wiki/Arthur_Owen
Azdrubal Fontes,0.47313608253934636,0.3653495886153167,5,3,http://en.wikipedia.org/wiki/Azdrubal_Fontes
Colin Chapman,0.510352264354658,0.3276482439638188,5,3,http://en.wikipedia.org/wiki/Colin_Chapman
Frank Dochnal,-0.4782512901880189,0.7464817514112634,5,3,http://en.wikipedia.org/wiki/Frank_Dochnal
Fritz d'Orey,-0.00568929534227148,0.917307870293483,5,3,http://en.wikipedia.org/wiki/Fritz_d%27Orey
Georges Berger,0.6598108655932815,0.38542888716282453,5,3,http://en.wikipedia.org/wiki/Georges_Berger
Piero Drogo,0.27925416798565567,0.1006763859955641,5,3,http://en.wikipedia.org/wiki/Piero_Drogo
Thomas Monarch,-0.7379352667532181,0.3826021040044834,5,3,
Timmy Mayer,0.46573269676583784,0.26937705696184605,5,3,http://en.wikipedia.org/wiki/Timmy_Mayer
Bob Evans,-0.6726928463571293,-0.0085963003475065,4,3,http://en.wikipedia.org/wiki/Bob_Evans_(race_driver)
Carlo Facetti,0.35701315632396685,-0.1437593078199037,4,3,http://en.wikipedia.org/wiki/Carlo_Facetti
David Prophet,-0.8036679328847075,0.3739551846183818,4,3,http://en.wikipedia.org/wiki/David_Prophet
Dennis Taylor,-0.6449338078282655,0.5053626560182016,4,3,http://en.wikipedia.org/wiki/Dennis_Taylor_(racing_driver)
Dieter Quester,-0.5634226782208461,0.043604503184496955,4,3,http://en.wikipedia.org/wiki/Dieter_Quester
François Mazet,-0.8362117730368239,-0.038385487237695984,4,3,http://en.wikipedia.org/wiki/Fran%C3%A7ois_Mazet
Giorgio Francia,0.4570967050973798,-0.6136033794012731,4,3,http://en.wikipedia.org/wiki/Giorgio_Francia
Giovanna Amati,-0.2830831799038468,-0.9171417528402857,4,3,http://en.wikipedia.org/wiki/Giovanna_Amati
Guy Tunmer,0.3624027101540958,-0.07765302663304735,4,3,http://en.wikipedia.org/wiki/Guy_Tunmer
Jean-Denis Délétraz,0.5754271620872556,-0.6961217706295726,4,3,http://en.wikipedia.org/wiki/Jean-Denis_Deletraz
Jim Crawford,0.43264126251054325,-0.461637964158779,4,3,http://en.wikipedia.org/wiki/Jim_Crawford_(driver)
Kazuyoshi Hoshino,0.4447176927206574,-0.23460472434351864,4,3,http://en.wikipedia.org/wiki/Kazuyoshi_Hoshino
Kurt Ahrens,-0.6168336201717357,-0.17377105279931238,4,3,"http://en.wikipedia.org/wiki/Kurt_Ahrens,_Jr."
Lamberto Leoni,0.4311643936274047,-0.03844693657858743,4,3,http://en.wikipedia.org/wiki/Lamberto_Leoni
Max Jean,-0.7961139749311066,-0.11142676211375116,4,3,http://en.wikipedia.org/wiki/Max_Jean
Paddy Driver,-0.732130917909949,-0.004625486759642623,4,3,http://en.wikipedia.org/wiki/Paddy_Driver
Peter Westbury,0.21918250005283096,0.11153260455262222,4,3,http://en.wikipedia.org/wiki/Peter_Westbury
Tomáš Enge,0.4759583091664743,-0.5740000585269758,4,3,http://en.wikipedia.org/wiki/Tom%C3%A1%C5%A1_Enge
Alberto Colombo,0.3000279961688617,-0.18422762857402566,3,3,http://en.wikipedia.org/wiki/Alberto_Colombo
Desiré Wilson,0.36449790892690487,-0.20872862026552114,3,3,http://en.wikipedia.org/wiki/Desir%C3%A9_Wilson
Divina Galica,-0.7254344990248436,-0.15359208357276408,3,3,http://en.wikipedia.org/wiki/Divina_Galica
Hideki Noda,0.5970717705231775,-0.7424223186125415,3,3,http://en.wikipedia.org/wiki/Hideki_Noda
Peter de Klerk,-0.7623749454006884,0.23719554117908104,3,3,http://en.wikipedia.org/wiki/Peter_de_Klerk
Roland Ratzenberger,0.24614788937476023,-0.9491645737088109,3,3,http://en.wikipedia.org/wiki/Roland_Ratzenberger
Bobby Ball,0.640746603370294,0.3020998167003184,7,2,http://en.wikipedia.org/wiki/Bobby_Ball_(auto_racer)
John James,-0.6104355240567899,0.7431038873415169,7,2,http://en.wikipedia.org/wiki/John_James_(auto_racer)
Philip Fotheringham-Parker,-0.5824841773374437,0.6825015469221012,7,2,http://en.wikipedia.org/wiki/Philip_Fotheringham-Parker
Adolfo Cruz,-0.8661098274945348,0.1940898198884258,6,2,http://en.wikipedia.org/wiki/Adolfo_Schewelm_Cruz
Albert Scherrer,0.6081456394799865,0.38181884447181635,6,2,http://en.wikipedia.org/wiki/Albert_Scherrer
André Milhoux,-0.1631621071007139,0.9532902389304463,6,2,http://en.wikipedia.org/wiki/Andr%C3%A9_Milhoux
Dries van der Lof,-0.44716590735506756,0.8313428150437661,6,2,http://en.wikipedia.org/wiki/Dries_van_der_Lof
Jean Lucas,-0.08779560156193622,0.9572435509527427,6,2,http://en.wikipedia.org/wiki/Jean_Lucas
Jesús Iglesias,0.05904779931623623,-0.9139661037421345,6,2,http://en.wikipedia.org/wiki/Jes%C3%BAs_Iglesias
John Barber,-0.8376780365416053,0.24022201523242875,6,2,http://en.wikipedia.org/wiki/John_Barber_(racing_driver)
Mike Sparken,-0.23146175225369858,0.8810305066772558,6,2,http://en.wikipedia.org/wiki/Mike_Sparken
Pablo Birger,0.6465962045940081,-0.5744668341421121,6,2,http://en.wikipedia.org/wiki/Pablo_Birger
Theo Fitzau,0.33820850616645365,0.05850873006395769,6,2,http://en.wikipedia.org/wiki/Theo_Fitzau
Alberto Rodriguez Larreta,0.453537327765306,0.20733423845455484,5,2,http://en.wikipedia.org/wiki/Alberto_Rodriguez_Larreta
Archie Scott Brown,-0.646704244774902,0.6284049890264714,5,2,http://en.wikipedia.org/wiki/Archie_Scott_Brown
Bobby Rahal,0.4279977484888716,0.028788097332118068,5,2,http://en.wikipedia.org/wiki/Bobby_Rahal
Bobby Unser,-0.7860707289006743,0.44050972125605914,5,2,http://en.wikipedia.org/wiki/Bobby_Unser
Brian Gubby,-0.8370656866988484,0.14066720645151132,5,2,http://en.wikipedia.org/wiki/Brian_Gubby
Desmond Titterington,-0.5098739955956144,0.8059219933031626,5,2,http://en.wikipedia.org/wiki/Desmond_Titterington
John Rhodes,-0.6307679149855311,0.5664903263887286,5,2,http://en.wikipedia.org/wiki/John_Rhodes_(driver)
John Taylor,-0.7215876325991212,0.1935932433376998,5,2,http://en.wikipedia.org/wiki/John_Taylor_(racer)
Juan Jover,0.5720947771584821,0.3372102362675519,5,2,http://en.wikipedia.org/wiki/Juan_Jover
Roelof Wunderink,-0.682329344897581,0.43116027397064327,5,2,http://en.wikipedia.org/wiki/Roelof_Wunderink
Roger Loyer,0.718805385943115,0.41021071354575706,5,2,http://en.wikipedia.org/wiki/Roger_Loyer
Basil van Rooyen,0.417637768603444,0.15338975486801737,4,2,http://en.wikipedia.org/wiki/Basil_van_Rooyen
Bruce Johnstone,0.3455227272197862,0.11909804272835717,4,2,http://en.wikipedia.org/wiki/Bruce_Johnstone_(racing_driver)
Damien Magee,-0.8841163387964147,-0.09309803852263522,4,2,http://en.wikipedia.org/wiki/Damien_Magee
Franco Forini,0.42958227212740735,-0.12463952181076644,4,2,http://en.wikipedia.org/wiki/Franco_Forini
Jo Schlesser,0.3964112540885768,0.08482902874658786,4,2,http://en.wikipedia.org/wiki/Jo_Schlesser
Kunimitsu Takahashi,-0.7850575627482004,-0.27508983500725653,4,2,http://en.wikipedia.org/wiki/Kunimitsu_Takahashi
Luiz Bueno,0.3797996490045405,-0.020635682193746,4,2,http://en.wikipedia.org/wiki/Luiz_Bueno
Luki Botha,-0.7999353494171291,0.28528143967009684,4,2,http://en.wikipedia.org/wiki/Luki_Botha
Mike MacDowel,-0.7823341142001864,0.1784996781496103,4,2,http://en.wikipedia.org/wiki/Mike_MacDowel
Conny Andersson,-0.7784023124759272,-0.052231318615743254,3,2,http://en.wikipedia.org/wiki/Conny_Andersson_(racing_driver)
Gus Hutchison,-0.7775430519408963,0.11130189391965145,3,2,http://en.wikipedia.org/wiki/Gus_Hutchison
Noritake Takahara,0.4249861795864727,-0.17995445473660857,3,2,http://en.wikipedia.org/wiki/Noritake_Takahara
Philippe Adams,0.4314287932103901,-0.3548519439632748,3,2,http://en.wikipedia.org/wiki/Philippe_Adams
Toshio Suzuki,0.9227141347297948,0.1895115993728951,3,2,http://en.wikipedia.org/wiki/Toshio_Suzuki_(driver)
Franck Lagorce,0.5292012224273761,-0.7912145062838037,2,2,http://en.wikipedia.org/wiki/Franck_Lagorce
Jacques Villeneuve Sr.,-0.7337396560748384,-0.09895783131724041,2,2,http://en.wikipedia.org/wiki/Jacques_Villeneuve_(elder)
Jean-Louis Schlesser,-0.7298376342877223,-0.3033736787435949,2,2,http://en.wikipedia.org/wiki/Jean-Louis_Schlesser
Kenny Acheson,-0.7646759321001261,-0.539817248137536,2,2,http://en.wikipedia.org/wiki/Kenny_Acheson
Bud Tingelstad,-0.6784336701353019,0.05654849882049474,7,1,http://en.wikipedia.org/wiki/Bud_Tingelstad
Danny Kladis,0.8891549444343936,0.3521769300196516,7,1,http://en.wikipedia.org/wiki/Danny_Kladis
Helmut Niedermayr,0.8720266409473532,0.41157984879371345,6,1,http://en.wikipedia.org/wiki/Helmut_Niedermayr
Ken Richardson,-0.5474081763694075,0.73871470459167,6,1,http://en.wikipedia.org/wiki/Ken_Richardson_(race_car_driver)
Robert O'Brien,0.5368919892456964,-0.3834190690350848,6,1,http://en.wikipedia.org/wiki/Robert_O%27Brien_(auto_racer)
Roberto Bonomi,-0.8428212677544352,0.4263628275182061,6,1,http://en.wikipedia.org/wiki/Roberto_Bonomi
André Lotterer,0.152175626385711,-0.9781725249002816,5,1,http://en.wikipedia.org/wiki/Andr%C3%A9_Lotterer
Brian Hart,0.5215568004908062,-0.7273395274967571,5,1,http://en.wikipedia.org/wiki/Brian_Hart
Doug Serrurier,-0.8851765640180455,0.37553641403256205,5,1,http://en.wikipedia.org/wiki/Doug_Serrurier
Graham McRae,-0.8874585851901946,0.09448053156044675,5,1,http://en.wikipedia.org/wiki/Graham_McRae
Herbert MacKay-Fraser,-0.8568668043038202,0.3011579039095757,5,1,http://en.wikipedia.org/wiki/Herbert_MacKay-Fraser
Jac Nelleman,-0.8681590879404347,-0.430029713301852,5,1,http://en.wikipedia.org/wiki/Jac_Nelleman
Jonathan Williams,0.4989372171595359,0.1744691680311911,5,1,http://en.wikipedia.org/wiki/Jonathan_Williams_(racing_driver)
Markus Winkelhock,0.554667776194136,-0.47408231852305205,5,1,http://en.wikipedia.org/wiki/Markus_Winkelhock
Mike Fisher,0.5496645432583203,0.27470630132661716,5,1,http://en.wikipedia.org/wiki/Mike_Fisher_(driver)
Robin Widdows,-0.9436773034639651,0.10276180223302414,5,1,http://en.wikipedia.org/wiki/Robin_Widdows
Stéphane Sarrazin,0.652285892577946,-0.7052703938666531,5,1,http://en.wikipedia.org/wiki/St%C3%A9phane_Sarrazin
Bertil Roos,-0.8009005419269345,0.012816242026492867,4,1,http://en.wikipedia.org/wiki/Bertil_Roos
Brausch Niemann,0.6211717547004,-0.5046350675444866,4,1,http://en.wikipedia.org/wiki/Brausch_Niemann
Carlo Franchi,-0.9006507339136975,-0.03278585896411852,4,1,http://en.wikipedia.org/wiki/Gimax
Dave Morgan,-0.8308895257759833,0.0599794192779303,4,1,http://en.wikipedia.org/wiki/Dave_Morgan_(racing_driver)
Hans Heyer,0.46238697222719266,0.09537494784265602,4,1,http://en.wikipedia.org/wiki/Hans_Heyer
Ricardo Londoño,-0.8347622417447481,-0.14557480805966283,4,1,http://en.wikipedia.org/wiki/Ricardo_Londo%C3%B1o
Stephen South,0.6223680261491807,-0.6404017713630857,4,1,http://en.wikipedia.org/wiki/Stephen_South
Vincenzo Sospiri,-0.9061874957789451,-0.15287675866638487,4,1,http://en.wikipedia.org/wiki/Vincenzo_Sospiri
Warwick Brown,-0.8570064697682398,-0.2954068883458625,4,1,http://en.wikipedia.org/wiki/Warwick_Brown
Jo Vonlanthen,0.5488405805828551,0.2168255885403965,3,1,http://en.wikipedia.org/wiki/Jo_Vonlanthen
Marco Apicella,-0.8859936974025596,0.019267261357857685,2,1,http://en.wikipedia.org/wiki/Marco_Apicella
